Group,Marker Icon,Marker Color,Icon Color,Custom Size,Name,Image,Description,Location,Latitude,Longitude
Friday 6 March,,#f1a340,,,H is for Hawk,media/images/HisforHawk.jpg,"11.00am Friday 6 March Hereford, The Courtyard<br> 12A Run time:1hr 54'<a href=""https://borderlinesfilmfestival.co.uk/film/h-hawk""> Book now </a>","Hereford, The Courtyard",52.0610499,-2.7213427
Friday 6 March,,#f1a340,,,Rental Family,media/images/RentalFamily.jpg,"11.30am Friday 6 March Ludlow Assembly Rooms<br> 12A Run time:1hr 50'<a href=""https://borderlinesfilmfestival.co.uk/film/rental-family""> Book now </a>",Ludlow Assembly Rooms,52.3671433,-2.7233051
Friday 6 March,grade,#f1a340,,,Everybody To Kenmure Street (captioned),media/images/EverybodyToKenmureStreet.jpg,"12.00pm Friday 6 March Hereford, The Courtyard<br>Preview 15 Run time:1hr 36'<a href=""https://borderlinesfilmfestival.co.uk/film/everybody-kenmure-street""> Book now </a>","Hereford, The Courtyard",52.0610499,-2.7213427
Friday 6 March,,#f1a340,,,Is This Thing On?,media/images/IsThisThingOn.jpg,"1.50pm Friday 6 March Hereford, The Courtyard<br> 12A Run time:2hrs 4'<a href=""https://borderlinesfilmfestival.co.uk/film/thing""> Book now </a>","Hereford, The Courtyard",52.0610499,-2.7213427
Friday 6 March,,#f1a340,,,Nouvelle Vague,media/images/NouvelleVague.jpg,"2.00pm Friday 6 March Ludlow Assembly Rooms<br> 12A Run time:1hr 46'<a href=""https://borderlinesfilmfestival.co.uk/film/nouvelle-vague""> Book now </a>",Ludlow Assembly Rooms,52.3671433,-2.7233051
Friday 6 March,,#f1a340,,,Rental Family,media/images/RentalFamily.jpg,"2.00pm Friday 6 March Malvern Theatres<br> 12A Run time:1hr 50'<a href=""https://borderlinesfilmfestival.co.uk/film/rental-family""> Book now </a>",Malvern Theatres,52.1104902,-2.3319386
Friday 6 March,,#f1a340,,,Peter Hujar's Day,media/images/PeterHujar’sDay.jpg,"2.15pm Friday 6 March Malvern Theatres<br> 12A Run time:1hr 16'<a href=""https://borderlinesfilmfestival.co.uk/film/peter-hujars-day""> Book now </a>",Malvern Theatres,52.1104902,-2.3319386
Friday 6 March,grade,#f1a340,,,DJ Ahmet,media/images/DJAhmet.jpg,"2.45pm Friday 6 March Hereford, The Courtyard<br>Preview 12 Run time:1hr 39'Abergavenny Film Society<a href=""https://borderlinesfilmfestival.co.uk/film/dj-ahmet""> Book now </a>","Hereford, The Courtyard",52.0610499,-2.7213427
Friday 6 March,grade,#f1a340,,,A Private Life,media/images/PrivateLifeA.jpg,"4.30pm Friday 6 March Malvern Theatres<br>Preview 15 Run time:1hr 45'<a href=""https://borderlinesfilmfestival.co.uk/film/private-life""> Book now </a>",Malvern Theatres,52.1104902,-2.3319386
Friday 6 March,grade,#f1a340,,,How To Make a Killing,media/images/Howtomakeakilling.jpg,"4.30pm Friday 6 March Oswestry, Maona Cinema<br>Preview 15 Run time:1hr 38'<a href=""https://borderlinesfilmfestival.co.uk/film/how-make-killing""> Book now </a>","Oswestry, Maona Cinema",52.860087,-3.0584223
Friday 6 March,,#f1a340,,,Rental Family,media/images/RentalFamily.jpg,"4.40pm Friday 6 March Hereford, The Courtyard<br> 12A Run time:1hr 50'HCR Law<a href=""https://borderlinesfilmfestival.co.uk/film/rental-family""> Book now </a>","Hereford, The Courtyard",52.0610499,-2.7213427
Friday 6 March,,#f1a340,,,H is for Hawk,media/images/HisforHawk.jpg,"4.45pm Friday 6 March Malvern Theatres<br> 12A Run time:1hr 54'<a href=""https://borderlinesfilmfestival.co.uk/film/h-hawk""> Book now </a>",Malvern Theatres,52.1104902,-2.3319386
Friday 6 March,grade,#f1a340,,,How To Make a Killing,media/images/Howtomakeakilling.jpg,"5.30pm Friday 6 March Hereford, The Courtyard<br>Preview 15 Run time:1hr 38'<a href=""https://borderlinesfilmfestival.co.uk/film/how-make-killing""> Book now </a>","Hereford, The Courtyard",52.0610499,-2.7213427
Friday 6 March,,#f1a340,,,No Other Choice,media/images/NoOtherChoice.jpg,"7.00pm Friday 6 March Hay, Booth's Bookshop Cinema<br> 15 Run time:2hrs 19'<a href=""https://borderlinesfilmfestival.co.uk/film/no-other-choice""> Book now </a>","Hay, Booth's Bookshop Cinema",52.0749735,-3.1275226
Friday 6 March,,#f1a340,,,Is This Thing On?,media/images/IsThisThingOn.jpg,"7.00pm Friday 6 March Ludlow Assembly Rooms<br> 12A Run time:2hrs 4'<a href=""https://borderlinesfilmfestival.co.uk/film/thing""> Book now </a>",Ludlow Assembly Rooms,52.3671433,-2.7233051
Friday 6 March,,#f1a340,,,The Secret Agent,media/images/SecretAgentThe.jpg,"7.15pm Friday 6 March Hereford, The Courtyard<br> 15 Run time:2hrs 41'<a href=""https://borderlinesfilmfestival.co.uk/film/secret-agent""> Book now </a>","Hereford, The Courtyard",52.0610499,-2.7213427
Friday 6 March,,#f1a340,,,Is This Thing On?,media/images/IsThisThingOn.jpg,"7.15pm Friday 6 March Malvern Theatres<br> 12A Run time:2hrs 4'<a href=""https://borderlinesfilmfestival.co.uk/film/thing""> Book now </a>",Malvern Theatres,52.1104902,-2.3319386
Friday 6 March,,#f1a340,,,Bugonia,media/images/Bugonia.jpg,"7.30pm Friday 6 March Castlemorton Parish Hall<br> 15 Run time:1hr 58'<a href=""https://borderlinesfilmfestival.co.uk/film/bugonia""> Book now </a>",Castlemorton Parish Hall,52.0366743,-2.3158541
Friday 6 March,,#f1a340,,,The Kitchen Brigade,media/images/KitchenBrigadeThe.jpg,"7.30pm Friday 6 March Bromyard, Conquest Theatre<br> 12A Run time:1hr 37'<a href=""https://borderlinesfilmfestival.co.uk/film/kitchen-brigade""> Book now </a>","Bromyard, Conquest Theatre",52.1907507,-2.5112578
Friday 6 March,,#f1a340,,,Springsteen: Deliver Us From Nowhere,media/images/Springsteen:DeliverUsFromNowhere.jpg,"7.30pm Friday 6 March Knighton Community Centre<br> 12A Run time:1hr 59'<a href=""https://borderlinesfilmfestival.co.uk/film/springsteen-deliver-me-nowhere""> Book now </a>",Knighton Community Centre,52.343162,-3.0474431
Friday 6 March,,#f1a340,,,The Ice Tower,media/images/IceTowerThe.jpg,"7.30pm Friday 6 March Ledbury, The Market Theatre<br> 15 Run time:1hr 58'<a href=""https://borderlinesfilmfestival.co.uk/film/ice-tower""> Book now </a>","Ledbury, The Market Theatre",52.0360153,-2.4281983
Friday 6 March,grade,#f1a340,,,How To Make a Killing,media/images/Howtomakeakilling.jpg,"7.30pm Friday 6 March Malvern Theatres<br>Preview 15 Run time:1hr 38'<a href=""https://borderlinesfilmfestival.co.uk/film/how-make-killing""> Book now </a>",Malvern Theatres,52.1104902,-2.3319386
Friday 6 March,,#f1a340,,,Is This Thing On?,media/images/IsThisThingOn.jpg,"8.00pm Friday 6 March Hereford, The Courtyard<br> 12A Run time:2hrs 4'The Wye Clinic<a href=""https://borderlinesfilmfestival.co.uk/film/thing""> Book now </a>","Hereford, The Courtyard",52.0610499,-2.7213427
Friday 6 March,,#f1a340,,,Bugonia,media/images/Bugonia.jpg,"8.00pm Friday 6 March Presteigne Screen<br> 15 Run time:1hr 58'<a href=""https://borderlinesfilmfestival.co.uk/film/bugonia""> Book now </a>",Presteigne Screen,52.2734231,-3.0088171
Saturday 7 March,,#f1a340,,,"Little Amélie, or The Character of Rain",media/images/LittleAmelie.jpg,"11.00am Saturday 7 March Hereford, The Courtyard<br> PG Run time:1hr 17'<a href=""https://borderlinesfilmfestival.co.uk/film/little-amelie""> Book now </a>","Hereford, The Courtyard",52.0610499,-2.7213427
Saturday 7 March,,#f1a340,,,H is for Hawk,media/images/HisforHawk.jpg,"11.00am Saturday 7 March Malvern Theatres<br> 12A Run time:1hr 54'<a href=""https://borderlinesfilmfestival.co.uk/film/h-hawk""> Book now </a>",Malvern Theatres,52.1104902,-2.3319386
Saturday 7 March,,#f1a340,,,H is for Hawk,media/images/HisforHawk.jpg,"11.30am Saturday 7 March Ludlow Assembly Rooms<br> 12A Run time:1hr 54'<a href=""https://borderlinesfilmfestival.co.uk/film/h-hawk""> Book now </a>",Ludlow Assembly Rooms,52.3671433,-2.7233051
Saturday 7 March,grade,#f1a340,,,Arco,media/images/Arco.jpg,"12.00pm Saturday 7 March Tenbury Wells, Regal<br>Preview PG Run time:1hr 28'<a href=""https://borderlinesfilmfestival.co.uk/film/arco""> Book now </a>","Tenbury Wells, Regal",52.312433,-2.5969299
Saturday 7 March,,#f1a340,,,All That's Left of You,media/images/Allthatsleftofyou.jpg,"1.00pm Saturday 7 March Oswestry, Maona Cinema<br> 12A Run time:2hrs 25'<a href=""https://borderlinesfilmfestival.co.uk/film/all-thats-left-you""> Book now </a>","Oswestry, Maona Cinema",52.860087,-3.0584223
Saturday 7 March,grade,#f1a340,,,The Love That Remains,media/images/LovethatremainsThe.jpg,"1.15pm Saturday 7 March Hereford, The Courtyard<br>Sponsorship
 Preview 15 Run time:1hr 49'<a href=""https://borderlinesfilmfestival.co.uk/film/love-remains""> Book now </a>","Hereford, The Courtyard",52.0610499,-2.7213427
Saturday 7 March,grade,#f1a340,,,How To Make a Killing,media/images/Howtomakeakilling.jpg,"1.45pm Saturday 7 March Malvern Theatres<br>Preview 15 Run time:1hr 38'<a href=""https://borderlinesfilmfestival.co.uk/film/how-make-killing""> Book now </a>",Malvern Theatres,52.1104902,-2.3319386
Saturday 7 March,,#f1a340,,,"Little Amélie, or The Character of Rain",media/images/LittleAmelie.jpg,"2.00pm Saturday 7 March Malvern Theatres<br> PG Run time:1hr 17'<a href=""https://borderlinesfilmfestival.co.uk/film/little-amelie""> Book now </a>",Malvern Theatres,52.1104902,-2.3319386
Saturday 7 March,grade,#f1a340,,,The Last One for the Road (+ Q&A TBC),media/images/LastOneforTheRoad.jpg,"4.00pm Saturday 7 March Hereford, The Courtyard<br>Preview 15 Run time:1hr 40'<a href=""https://borderlinesfilmfestival.co.uk/film/last-one-road""> Book now </a>","Hereford, The Courtyard",52.0610499,-2.7213427
Saturday 7 March,,#f1a340,,,Iris on the Move + Q&A,media/images/IrisPrize.jpg,"4.15pm Saturday 7 March Malvern Theatres<br> 15 Run time:1hr 1'Free<a href=""https://borderlinesfilmfestival.co.uk/film/iris-move""> Book now </a>",Malvern Theatres,52.1104902,-2.3319386
Saturday 7 March,grade,#f1a340,,,Father Mother Sister Brother,media/images/FatherMotherSisterBrother.jpg,"4.30pm Saturday 7 March Malvern Theatres<br>Preview 15 Run time:1hr 52'<a href=""https://borderlinesfilmfestival.co.uk/film/father-mother-sister-brother""> Book now </a>",Malvern Theatres,52.1104902,-2.3319386
Saturday 7 March,,#f1a340,,,Is This Thing On? (captioned),media/images/IsThisThingOn.jpg,"4.30pm Saturday 7 March Oswestry, Maona Cinema<br> 12A Run time:2hrs 4'<a href=""https://borderlinesfilmfestival.co.uk/film/thing""> Book now </a>","Oswestry, Maona Cinema",52.860087,-3.0584223
Saturday 7 March,grade,#f1a340,,,Super Nature,media/images/Supernature.jpg,"6.45pm Saturday 7 March Malvern Theatres<br>Preview PG Run time:1hr 22'<a href=""https://borderlinesfilmfestival.co.uk/film/super-nature""> Book now </a>",Malvern Theatres,52.1104902,-2.3319386
Saturday 7 March,grade,#f1a340,,,Resurrection,media/images/Resurrection.jpg,"7.00pm Saturday 7 March Hay, Booth's Bookshop Cinema<br>Preview 15 Run time:2hrs 39'<a href=""https://borderlinesfilmfestival.co.uk/film/resurrection""> Book now </a>","Hay, Booth's Bookshop Cinema",52.0749735,-3.1275226
Saturday 7 March,grade,#f1a340,,,Everybody To Kenmure Street,media/images/EverybodyToKenmureStreet.jpg,"7.00pm Saturday 7 March Hereford, The Courtyard<br>Preview 15 Run time:1hr 36'<a href=""https://borderlinesfilmfestival.co.uk/film/everybody-kenmure-street""> Book now </a>","Hereford, The Courtyard",52.0610499,-2.7213427
Saturday 7 March,,#f1a340,,,Is This Thing On?,media/images/IsThisThingOn.jpg,"7.00pm Saturday 7 March Tenbury Wells, Regal<br> 12A Run time:2hrs 4'<a href=""https://borderlinesfilmfestival.co.uk/film/thing""> Book now </a>","Tenbury Wells, Regal",52.312433,-2.5969299
Saturday 7 March,,#f1a340,,,The Kitchen Brigade,media/images/KitchenBrigadeThe.jpg,"7.30pm Saturday 7 March Eye, Cawley Hall<br> 12A Run time:1hr 37'<a href=""https://borderlinesfilmfestival.co.uk/film/kitchen-brigade""> Book now </a>","Eye, Cawley Hall",52.2710853,-2.7467118
Saturday 7 March,,#f1a340,,,The Golden Spurtle,media/images/TheGoldenSpurtle.jpg,"7.30pm Saturday 7 March Kington, The Old Picture House<br> PG Run time:1hr 15'<a href=""https://borderlinesfilmfestival.co.uk/film/golden-spurtle""> Book now </a>","Kington, The Old Picture House",52.202866,-3.0302892
Saturday 7 March,,#f1a340,,,The Golden Spurtle,media/images/TheGoldenSpurtle.jpg,"7.30pm Saturday 7 March Ledbury, The Market Theatre<br> PG Run time:1hr 15'<a href=""https://borderlinesfilmfestival.co.uk/film/golden-spurtle""> Book now </a>","Ledbury, The Market Theatre",52.0360153,-2.4281983
Saturday 7 March,grade,#f1a340,,,DJ Ahmet,media/images/DJAhmet.jpg,"7.30pm Saturday 7 March Malvern Theatres<br>Preview 12 Run time:1hr 39'Malvern College<a href=""https://borderlinesfilmfestival.co.uk/film/dj-ahmet""> Book now </a>",Malvern Theatres,52.1104902,-2.3319386
Saturday 7 March,,#f1a340,,,Souleymane's Story,media/images/Souleymane’sStory.jpg,"7.30pm Saturday 7 March Ross-on-Wye, The Phoenix Theatre<br> 12A Run time:1hr 34'<a href=""https://borderlinesfilmfestival.co.uk/film/souleymanes-story""> Book now </a>","Ross-on-Wye, The Phoenix Theatre",51.9137993,-2.5887393
Saturday 7 March,,#f1a340,,,Palestine 36,media/images/Palestine36.jpg,"7.30pm Saturday 7 March Tarrington, Lady Emily Hall<br> 12A Run time:2hrs<a href=""https://borderlinesfilmfestival.co.uk/film/palestine-36""> Book now </a>","Tarrington, Lady Emily Hall",52.0624835,-2.5662578
Sunday 8 March,,#f1a340,,,Peter Hujar's Day,media/images/PeterHujar’sDay.jpg,"11.15am Sunday 8 March Hereford, The Courtyard<br> 12A Run time:1hr 16'Village Art Clubs<a href=""https://borderlinesfilmfestival.co.uk/film/peter-hujars-day""> Book now </a>","Hereford, The Courtyard",52.0610499,-2.7213427
Sunday 8 March,,#f1a340,,,Rental Family,media/images/RentalFamily.jpg,"11.30am Sunday 8 March Hereford, The Courtyard<br> 12A Run time:1hr 50'REHAU<a href=""https://borderlinesfilmfestival.co.uk/film/rental-family""> Book now </a>","Hereford, The Courtyard",52.0610499,-2.7213427
Sunday 8 March,,#f1a340,,,"Little Amélie, or The Character of Rain (relaxed)",media/images/LittleAmelie.jpg,"12.00pm Sunday 8 March Oswestry, Maona Cinema<br> PG Run time:1hr 17'<a href=""https://borderlinesfilmfestival.co.uk/film/little-amelie""> Book now </a>","Oswestry, Maona Cinema",52.860087,-3.0584223
Sunday 8 March,,#f1a340,,,The Voice of Hind Rajab,"media/images/VoiceofHindRajab,The.jpg","1.00pm Sunday 8 March Malvern Theatres<br> 15 Run time:1hr 29'<a href=""https://borderlinesfilmfestival.co.uk/film/voice-hind-rajab""> Book now </a>",Malvern Theatres,52.1104902,-2.3319386
Sunday 8 March,grade,#f1a340,,,Father Mother Sister Brother,media/images/FatherMotherSisterBrother.jpg,"1.15pm Sunday 8 March Malvern Theatres<br>Preview 15 Run time:1hr 52'<a href=""https://borderlinesfilmfestival.co.uk/film/father-mother-sister-brother""> Book now </a>",Malvern Theatres,52.1104902,-2.3319386
Sunday 8 March,,#f1a340,,,Open Screen,media/images/OpenScreen.jpg,"1.30pm Sunday 8 March Hereford, The Courtyard<br> 15 Run time:2hrs 15'Free<a href=""https://borderlinesfilmfestival.co.uk/film/open-screen""> Book now </a>","Hereford, The Courtyard",52.0610499,-2.7213427
Sunday 8 March,grade,#f1a340,,,Father Mother Sister Brother,media/images/FatherMotherSisterBrother.jpg,"2.00pm Sunday 8 March Hereford, The Courtyard<br>Preview 15 Run time:1hr 52'<a href=""https://borderlinesfilmfestival.co.uk/film/father-mother-sister-brother""> Book now </a>","Hereford, The Courtyard",52.0610499,-2.7213427
Sunday 8 March,,#f1a340,,,The Secret Agent,media/images/SecretAgentThe.jpg,"3.15pm Sunday 8 March Malvern Theatres<br> 15 Run time:2hrs 41'<a href=""https://borderlinesfilmfestival.co.uk/film/secret-agent""> Book now </a>",Malvern Theatres,52.1104902,-2.3319386
Sunday 8 March,,#f1a340,,,H is for Hawk,media/images/HisforHawk.jpg,"4.00pm Sunday 8 March Malvern Theatres<br> 12A Run time:1hr 54'Malvern Car Club Sponsorship<a href=""https://borderlinesfilmfestival.co.uk/film/h-hawk""> Book now </a>",Malvern Theatres,52.1104902,-2.3319386
Sunday 8 March,,#f1a340,,,Nouvelle Vague,media/images/NouvelleVague.jpg,"4.30pm Sunday 8 March Hay, Booth's Bookshop Cinema<br> 12A Run time:1hr 46'<a href=""https://borderlinesfilmfestival.co.uk/film/nouvelle-vague""> Book now </a>","Hay, Booth's Bookshop Cinema",52.0749735,-3.1275226
Sunday 8 March,grade,#f1a340,,,Our Land + Q&A,media/images/OurLand.jpg,"4.30pm Sunday 8 March Hereford, The Courtyard<br>Preview 12A Run time:1hr 30'Leigh Day<a href=""https://borderlinesfilmfestival.co.uk/film/our-land""> Book now </a>","Hereford, The Courtyard",52.0610499,-2.7213427
Sunday 8 March,grade,#f1a340,,,DJ Ahmet,media/images/DJAhmet.jpg,"5.20pm Sunday 8 March Hereford, The Courtyard<br>Preview 12 Run time:1hr 39'Anonymous Sponsor (Adrian Rhead)<a href=""https://borderlinesfilmfestival.co.uk/film/dj-ahmet""> Book now </a>","Hereford, The Courtyard",52.0610499,-2.7213427
Sunday 8 March,grade,#f1a340,,,The Last One for the Road,media/images/LastOneforTheRoad.jpg,"6.45pm Sunday 8 March Malvern Theatres<br>Preview 15 Run time:1hr 40'<a href=""https://borderlinesfilmfestival.co.uk/film/last-one-road""> Book now </a>",Malvern Theatres,52.1104902,-2.3319386
Sunday 8 March,grade,#f1a340,,,A Private Life,media/images/PrivateLifeA.jpg,"7.00pm Sunday 8 March Malvern Theatres<br>Preview 15 Run time:1hr 45'Blair Priday <a href=""https://borderlinesfilmfestival.co.uk/film/private-life""> Book now </a>",Malvern Theatres,52.1104902,-2.3319386
Sunday 8 March,grade,#f1a340,,,How To Make a Killing,media/images/Howtomakeakilling.jpg,"7.30pm Sunday 8 March Hereford, The Courtyard<br>Preview 15 Run time:1hr 38'<a href=""https://borderlinesfilmfestival.co.uk/film/how-make-killing""> Book now </a>","Hereford, The Courtyard",52.0610499,-2.7213427
Sunday 8 March,,#f1a340,,,The Mastermind,media/images/MastermindThe.jpg,"7.30pm Sunday 8 March Ross-on-Wye, The Phoenix Theatre<br> 12A Run time:1hr 50'<a href=""https://borderlinesfilmfestival.co.uk/film/mastermind""> Book now </a>","Ross-on-Wye, The Phoenix Theatre",51.9137993,-2.5887393
Sunday 8 March,,#f1a340,,,H is for Hawk,media/images/HisforHawk.jpg,"7.45pm Sunday 8 March Hereford, The Courtyard<br> 12A Run time:1hr 54'Anonymous Sponsor (Luke Clements)<a href=""https://borderlinesfilmfestival.co.uk/film/h-hawk""> Book now </a>","Hereford, The Courtyard",52.0610499,-2.7213427
Monday 9 March,grade,#b2abd2,,,Father Mother Sister Brother,media/images/FatherMotherSisterBrother.jpg,"11.00am Monday 9 March Hereford, The Courtyard<br>Preview 15 Run time:1hr 52'<a href=""https://borderlinesfilmfestival.co.uk/film/father-mother-sister-brother""> Book now </a>","Hereford, The Courtyard",52.0610499,-2.7213427
Monday 9 March,,#b2abd2,,,Peter Hujar's Day,media/images/PeterHujar’sDay.jpg,"11.30am Monday 9 March Hereford, The Courtyard<br> 12A Run time:1hr 16'Castle Bookshop<a href=""https://borderlinesfilmfestival.co.uk/film/peter-hujars-day""> Book now </a>","Hereford, The Courtyard",52.0610499,-2.7213427
Monday 9 March,grade,#b2abd2,,,Resurrection,media/images/Resurrection.jpg,"1.00pm Monday 9 March Tenbury Wells, Regal<br>Preview 15 Run time:2hrs 39'<a href=""https://borderlinesfilmfestival.co.uk/film/resurrection""> Book now </a>","Tenbury Wells, Regal",52.312433,-2.5969299
Monday 9 March,,#b2abd2,,,The Secret Agent,media/images/SecretAgentThe.jpg,"1.35pm Monday 9 March Hereford, The Courtyard<br> 15 Run time:2hrs 41'<a href=""https://borderlinesfilmfestival.co.uk/film/secret-agent""> Book now </a>","Hereford, The Courtyard",52.0610499,-2.7213427
Monday 9 March,,#b2abd2,,,Peter Hujar's Day,media/images/PeterHujar’sDay.jpg,"2.00pm Monday 9 March Ludlow Assembly Rooms<br> 12A Run time:1hr 16'<a href=""https://borderlinesfilmfestival.co.uk/film/peter-hujars-day""> Book now </a>",Ludlow Assembly Rooms,52.3671433,-2.7233051
Monday 9 March,,#b2abd2,,,All That's Left of You,media/images/Allthatsleftofyou.jpg,"2.00pm Monday 9 March Malvern Theatres<br> 12A Run time:2hrs 25'<a href=""https://borderlinesfilmfestival.co.uk/film/all-thats-left-you""> Book now </a>",Malvern Theatres,52.1104902,-2.3319386
Monday 9 March,,#b2abd2,,,H is for Hawk,media/images/HisforHawk.jpg,"2.30pm Monday 9 March Hereford, The Courtyard<br> 12A Run time:1hr 54'Alison Fawcett<a href=""https://borderlinesfilmfestival.co.uk/film/h-hawk""> Book now </a>","Hereford, The Courtyard",52.0610499,-2.7213427
Monday 9 March,,#b2abd2,,,H is for Hawk,media/images/HisforHawk.jpg,"5.00pm Monday 9 March Hereford, The Courtyard<br> 12A Run time:1hr 54'<a href=""https://borderlinesfilmfestival.co.uk/film/h-hawk""> Book now </a>","Hereford, The Courtyard",52.0610499,-2.7213427
Monday 9 March,grade,#b2abd2,,,DJ Ahmet,media/images/DJAhmet.jpg,"5.15pm Monday 9 March Malvern Theatres<br>Preview 12 Run time:1hr 39'<a href=""https://borderlinesfilmfestival.co.uk/film/dj-ahmet""> Book now </a>",Malvern Theatres,52.1104902,-2.3319386
Monday 9 March,,#b2abd2,,,Nouvelle Vague,media/images/NouvelleVague.jpg,"7.00pm Monday 9 March Ludlow Assembly Rooms<br> 12A Run time:1hr 46'<a href=""https://borderlinesfilmfestival.co.uk/film/nouvelle-vague""> Book now </a>",Ludlow Assembly Rooms,52.3671433,-2.7233051
Monday 9 March,,#b2abd2,,,Is This Thing On?,media/images/IsThisThingOn.jpg,"7.45pm Monday 9 March Hereford, The Courtyard<br> 12A Run time:2hrs 4'Shepherds Ice Cream<a href=""https://borderlinesfilmfestival.co.uk/film/thing""> Book now </a>","Hereford, The Courtyard",52.0610499,-2.7213427
Monday 9 March,grade,#b2abd2,,,Everybody To Kenmure Street (captioned),media/images/EverybodyToKenmureStreet.jpg,"7.45pm Monday 9 March Malvern Theatres<br>Preview 15 Run time:1hr 36'Captioned TBC<a href=""https://borderlinesfilmfestival.co.uk/film/everybody-kenmure-street""> Book now </a>",Malvern Theatres,52.1104902,-2.3319386
Tuesday 10 March,,#b2abd2,,,Is This Thing On? (captioned),media/images/IsThisThingOn.jpg,"10.30am Tuesday 10 March Malvern Theatres<br> 12A Run time:2hrs 4'<a href=""https://borderlinesfilmfestival.co.uk/film/thing""> Book now </a>",Malvern Theatres,52.1104902,-2.3319386
Tuesday 10 March,,#b2abd2,,,H is for Hawk,media/images/HisforHawk.jpg,"11.00am Tuesday 10 March Malvern Theatres<br> 12A Run time:1hr 54'<a href=""https://borderlinesfilmfestival.co.uk/film/h-hawk""> Book now </a>",Malvern Theatres,52.1104902,-2.3319386
Tuesday 10 March,,#b2abd2,,,The Shepherd and the Bear,media/images/ShepherdandthebearThe.jpg,"11.20am Tuesday 10 March Hereford, The Courtyard<br> 15 Run time:1hr 41'<a href=""https://borderlinesfilmfestival.co.uk/film/shepherd-and-bear""> Book now </a>","Hereford, The Courtyard",52.0610499,-2.7213427
Tuesday 10 March,,#b2abd2,,,Rental Family,media/images/RentalFamily.jpg,"1.30pm Tuesday 10 March Malvern Theatres<br> 12A Run time:1hr 50'<a href=""https://borderlinesfilmfestival.co.uk/film/rental-family""> Book now </a>",Malvern Theatres,52.1104902,-2.3319386
Tuesday 10 March,grade,#b2abd2,,,Resurrection,media/images/Resurrection.jpg,"1.45pm Tuesday 10 March Hereford, The Courtyard<br>Preview 15 Run time:2hrs 39'<a href=""https://borderlinesfilmfestival.co.uk/film/resurrection""> Book now </a>","Hereford, The Courtyard",52.0610499,-2.7213427
Tuesday 10 March,,#b2abd2,,,Peter Hujar's Day,media/images/PeterHujar’sDay.jpg,"1.45pm Tuesday 10 March Malvern Theatres<br> 12A Run time:1hr 16'<a href=""https://borderlinesfilmfestival.co.uk/film/peter-hujars-day""> Book now </a>",Malvern Theatres,52.1104902,-2.3319386
Tuesday 10 March,grade,#b2abd2,,,Resurrection,media/images/Resurrection.jpg,"4.00pm Tuesday 10 March Malvern Theatres<br>Preview 15 Run time:2hrs 39'<a href=""https://borderlinesfilmfestival.co.uk/film/resurrection""> Book now </a>",Malvern Theatres,52.1104902,-2.3319386
Tuesday 10 March,,#b2abd2,,,The Voice of Hind Rajab,"media/images/VoiceofHindRajab,The.jpg","5.15pm Tuesday 10 March Hereford, The Courtyard<br> 15 Run time:1hr 29'<a href=""https://borderlinesfilmfestival.co.uk/film/voice-hind-rajab""> Book now </a>","Hereford, The Courtyard",52.0610499,-2.7213427
Tuesday 10 March,,#b2abd2,,,I Swear,media/images/ISwear.jpg,"7.30pm Tuesday 10 March Garway Village Hall<br> 15 Run time:2hrs 1'<a href=""https://borderlinesfilmfestival.co.uk/film/i-swear""> Book now </a>",Garway Village Hall,51.9004544,-2.7888184
Tuesday 10 March,,#b2abd2,,,Rififi,media/images/Rififi.jpg,"7.30pm Tuesday 10 March Hereford, The Courtyard<br> 12 Run time:1hr 58'<a href=""https://borderlinesfilmfestival.co.uk/film/rififi""> Book now </a>","Hereford, The Courtyard",52.0610499,-2.7213427
Tuesday 10 March,,#b2abd2,,,The Secret Agent,media/images/SecretAgentThe.jpg,"7.30pm Tuesday 10 March Malvern Theatres<br> 15 Run time:2hrs 41'<a href=""https://borderlinesfilmfestival.co.uk/film/secret-agent""> Book now </a>",Malvern Theatres,52.1104902,-2.3319386
Tuesday 10 March,,#b2abd2,,,Deaf,media/images/Deaf.jpg,"8.00pm Tuesday 10 March All Stretton Village Hall<br> 12A Run time:1hr 39'<a href=""https://borderlinesfilmfestival.co.uk/film/deaf""> Book now </a>",All Stretton Village Hall,52.5539741,-2.8016683
Wednesday 11 March,,#b2abd2,,,Dead of Winter,media/images/DeadOfWinter.jpg,"10.30am Wednesday 11 March Ledbury, The Market Theatre<br> 15 Run time:1hr 38'<a href=""https://borderlinesfilmfestival.co.uk/film/dead-winter""> Book now </a>","Ledbury, The Market Theatre",52.0360153,-2.4281983
Wednesday 11 March,,#b2abd2,,,Rental Family (captioned/relaxed),media/images/RentalFamily.jpg,"11.00am Wednesday 11 March Hereford, The Courtyard<br> 12A Run time:1hr 50'Relaxed screening<a href=""https://borderlinesfilmfestival.co.uk/film/rental-family""> Book now </a>","Hereford, The Courtyard",52.0610499,-2.7213427
Wednesday 11 March,grade,#b2abd2,,,The Last Viking,media/images/LastVikingThe.jpg,"1.00pm Wednesday 11 March Tenbury Wells, Regal<br>Preview 15 Run time:1hr 56'<a href=""https://borderlinesfilmfestival.co.uk/film/last-viking""> Book now </a>","Tenbury Wells, Regal",52.312433,-2.5969299
Wednesday 11 March,grade,#b2abd2,,,Enzo,media/images/Enzo.jpg,"2.00pm Wednesday 11 March Malvern Theatres<br>Preview 15 Run time:1hr 42'<a href=""https://borderlinesfilmfestival.co.uk/film/enzo""> Book now </a>",Malvern Theatres,52.1104902,-2.3319386
Wednesday 11 March,grade,#b2abd2,,,Queer As Punk,media/images/Queeraspunk.jpg,"2.30pm Wednesday 11 March Hereford, The Courtyard<br>Preview 15 Run time:1hr 28'<a href=""https://borderlinesfilmfestival.co.uk/film/queer-punk""> Book now </a>","Hereford, The Courtyard",52.0610499,-2.7213427
Wednesday 11 March,grade,#b2abd2,,,The Love That Remains,media/images/LovethatremainsThe.jpg,"5.00pm Wednesday 11 March Hereford, The Courtyard<br>Sponsorship
 Preview 15 Run time:1hr 49'<a href=""https://borderlinesfilmfestival.co.uk/film/love-remains""> Book now </a>","Hereford, The Courtyard",52.0610499,-2.7213427
Wednesday 11 March,,#b2abd2,,,Taste Traditions,media/images/TasteTraditions.jpg,"5.00pm Wednesday 11 March Malvern Theatres<br> PG Run time:1hr 30'<a href=""https://borderlinesfilmfestival.co.uk/film/taste-traditions""> Book now </a>",Malvern Theatres,52.1104902,-2.3319386
Wednesday 11 March,grade,#b2abd2,,,DJ Ahmet,media/images/DJAhmet.jpg,"7.00pm Wednesday 11 March Ludlow Assembly Rooms<br>Preview 12 Run time:1hr 39'<a href=""https://borderlinesfilmfestival.co.uk/film/dj-ahmet""> Book now </a>",Ludlow Assembly Rooms,52.3671433,-2.7233051
Wednesday 11 March,,#b2abd2,,,All That's Left of You,media/images/Allthatsleftofyou.jpg,"7.15pm Wednesday 11 March Malvern Theatres<br> 12A Run time:2hrs 25'From 7pm / Sponsorship<a href=""https://borderlinesfilmfestival.co.uk/film/all-thats-left-you""> Book now </a>",Malvern Theatres,52.1104902,-2.3319386
Wednesday 11 March,grade,#b2abd2,,,Resurrection,media/images/Resurrection.jpg,"7.30pm Wednesday 11 March Hereford, The Courtyard<br>Preview 15 Run time:2hrs 39'<a href=""https://borderlinesfilmfestival.co.uk/film/resurrection""> Book now </a>","Hereford, The Courtyard",52.0610499,-2.7213427
Wednesday 11 March,,#b2abd2,,,Is This Thing On?,media/images/IsThisThingOn.jpg,"7.30pm Wednesday 11 March Malvern Theatres<br> 12A Run time:2hrs 4'Bar Limon<a href=""https://borderlinesfilmfestival.co.uk/film/thing""> Book now </a>",Malvern Theatres,52.1104902,-2.3319386
Thursday 12 March,grade,#b2abd2,,,Colours of Time,media/images/ColoursofTime.jpg,"10.30am Thursday 12 March Malvern Theatres<br>Preview 15 Run time:2hrs 4'<a href=""https://borderlinesfilmfestival.co.uk/film/colours-time""> Book now </a>",Malvern Theatres,52.1104902,-2.3319386
Thursday 12 March,grade,#b2abd2,,,Redoubt,media/images/Redoubt.jpg,"11.00am Thursday 12 March Hereford, The Courtyard<br>Preview 12A Run time:1hr 25'<a href=""https://borderlinesfilmfestival.co.uk/film/redoubt""> Book now </a>","Hereford, The Courtyard",52.0610499,-2.7213427
Thursday 12 March,,#b2abd2,,,The Voice of Hind Rajab,"media/images/VoiceofHindRajab,The.jpg","11.30am Thursday 12 March Ludlow Assembly Rooms<br> 15 Run time:1hr 29'<a href=""https://borderlinesfilmfestival.co.uk/film/voice-hind-rajab""> Book now </a>",Ludlow Assembly Rooms,52.3671433,-2.7233051
Thursday 12 March,,#b2abd2,,,The Secret Agent,media/images/SecretAgentThe.jpg,"1.15pm Thursday 12 March Malvern Theatres<br> 15 Run time:2hrs 41'<a href=""https://borderlinesfilmfestival.co.uk/film/secret-agent""> Book now </a>",Malvern Theatres,52.1104902,-2.3319386
Thursday 12 March,,#b2abd2,,,The Leopard,media/images/LeopardThe.jpg,"1.00pm Thursday 12 March Hereford, The Courtyard<br> PG Run time:3hrs 4'<a href=""https://borderlinesfilmfestival.co.uk/film/leopard""> Book now </a>","Hereford, The Courtyard",52.0610499,-2.7213427
Thursday 12 March,,#b2abd2,,,À bout de souffle,media/images/Breathless.jpg,"1.30pm Thursday 12 March Ludlow Assembly Rooms<br> 15 Run time:1hr 30'<a href=""https://borderlinesfilmfestival.co.uk/film/breathless""> Book now </a>",Ludlow Assembly Rooms,52.3671433,-2.7233051
Thursday 12 March,,#b2abd2,,,The Shepherd and the Bear,media/images/ShepherdandthebearThe.jpg,"1.30pm Thursday 12 March Malvern Theatres<br> 15 Run time:1hr 41'<a href=""https://borderlinesfilmfestival.co.uk/film/shepherd-and-bear""> Book now </a>",Malvern Theatres,52.1104902,-2.3319386
Thursday 12 March,grade,#b2abd2,,,Our Land (captioned),media/images/OurLand.jpg,"2.30pm Thursday 12 March Hereford, The Courtyard<br>Preview 12A Run time:1hr 30'<a href=""https://borderlinesfilmfestival.co.uk/film/our-land""> Book now </a>","Hereford, The Courtyard",52.0610499,-2.7213427
Thursday 12 March,,#b2abd2,,,H is for Hawk,media/images/HisforHawk.jpg,"4.45pm Thursday 12 March Hereford, The Courtyard<br> 12A Run time:1hr 54'Tarrington Film Club Sponsorship<a href=""https://borderlinesfilmfestival.co.uk/film/h-hawk""> Book now </a>","Hereford, The Courtyard",52.0610499,-2.7213427
Thursday 12 March,grade,#b2abd2,,,The Love That Remains,media/images/LovethatremainsThe.jpg,"4.45pm Thursday 12 March Malvern Theatres<br>Sponsorship
 Preview 15 Run time:1hr 49'Take 4 Gallery <a href=""https://borderlinesfilmfestival.co.uk/film/love-remains""> Book now </a>",Malvern Theatres,52.1104902,-2.3319386
Thursday 12 March,,#b2abd2,,,Rural Media: Young Voices on the Big Screen,media/images/RuralMedia.jpg,"5.00pm Thursday 12 March Hereford, The Courtyard<br> PG Run time:1hrFree<a href=""https://borderlinesfilmfestival.co.uk/film/rural-media-young-voices-big-screen""> Book now </a>","Hereford, The Courtyard",52.0610499,-2.7213427
Thursday 12 March,grade,#b2abd2,,,DJ Ahmet,media/images/DJAhmet.jpg,"7.00pm Thursday 12 March Hereford, The Courtyard<br>Preview 12 Run time:1hr 39'Preview<a href=""https://borderlinesfilmfestival.co.uk/film/dj-ahmet""> Book now </a>","Hereford, The Courtyard",52.0610499,-2.7213427
Thursday 12 March,,#b2abd2,,,The Choral,"media/images/Choral,The.jpg","7.00pm Thursday 12 March Pudleston Village Hall<br> 12A Run time:1hr 53'<a href=""https://borderlinesfilmfestival.co.uk/film/choral""> Book now </a>",Pudleston Village Hall,52.2366329,-2.6429668
Thursday 12 March,,#b2abd2,,,The Choral,"media/images/Choral,The.jpg","7.30pm Thursday 12 March Castlemorton Parish Hall<br> 12A Run time:1hr 53'<a href=""https://borderlinesfilmfestival.co.uk/film/choral""> Book now </a>",Castlemorton Parish Hall,52.0366743,-2.3158541
Thursday 12 March,,#b2abd2,,,Taste Traditions,media/images/TasteTraditions.jpg,"7.30pm Thursday 12 March Hereford, The Courtyard<br> PG Run time:1hr 30'<a href=""https://borderlinesfilmfestival.co.uk/film/taste-traditions""> Book now </a>","Hereford, The Courtyard",52.0610499,-2.7213427
Thursday 12 March,,#b2abd2,,,The Ice Tower,media/images/IceTowerThe.jpg,"7.30pm Thursday 12 March Leintwardine Community Centre<br> 15 Run time:1hr 58'<a href=""https://borderlinesfilmfestival.co.uk/film/ice-tower""> Book now </a>",Leintwardine Community Centre,52.3614481,-2.8831932
Thursday 12 March,grade,#b2abd2,,,The Stranger,media/images/StrangerThe.jpg,"7.30pm Thursday 12 March Malvern Theatres<br>Preview 15 Run time:2hrs 2'<a href=""https://borderlinesfilmfestival.co.uk/film/stranger""> Book now </a>",Malvern Theatres,52.1104902,-2.3319386
Thursday 12 March,,#b2abd2,,,The Choral,"media/images/Choral,The.jpg","7.30pm Thursday 12 March Much Birch Community Hall<br> 12A Run time:1hr 53'<a href=""https://borderlinesfilmfestival.co.uk/film/choral""> Book now </a>",Much Birch Community Hall,51.9712005,-2.7263239
Thursday 12 March,grade,#b2abd2,,,A Private Life,media/images/PrivateLifeA.jpg,"7.30pm Thursday 12 March Oswestry, Maona Cinema<br>Preview 15 Run time:1hr 45'<a href=""https://borderlinesfilmfestival.co.uk/film/private-life""> Book now </a>","Oswestry, Maona Cinema",52.860087,-3.0584223
Thursday 12 March,,#b2abd2,,,Palestine 36,media/images/Palestine36.jpg,"7.30pm Thursday 12 March Pencombe & Little Cowarne Parish Hall<br> 12A Run time:2hrs<a href=""https://borderlinesfilmfestival.co.uk/film/palestine-36""> Book now </a>",Pencombe & Little Cowarne Parish Hall,52.1723476,-2.5869554
Friday 13 March,,#b2abd2,,,Gun Crazy,media/images/GunCrazy.jpg,"11.00am Friday 13 March Hereford, The Courtyard<br> 12A Run time:1hr 27'<a href=""https://borderlinesfilmfestival.co.uk/film/gun-crazy""> Book now </a>","Hereford, The Courtyard",52.0610499,-2.7213427
Friday 13 March,grade,#b2abd2,,,Redoubt,media/images/Redoubt.jpg,"11.30am Friday 13 March Ludlow Assembly Rooms<br>Preview 12A Run time:1hr 25'<a href=""https://borderlinesfilmfestival.co.uk/film/redoubt""> Book now </a>",Ludlow Assembly Rooms,52.3671433,-2.7233051
Friday 13 March,grade,#b2abd2,,,The Blue Trail,media/images/BlueTrailThe.jpg,"1.00pm Friday 13 March Malvern Theatres<br>Preview 15 Run time:1hr 25'<a href=""https://borderlinesfilmfestival.co.uk/film/blue-trail""> Book now </a>",Malvern Theatres,52.1104902,-2.3319386
Friday 13 March,,#b2abd2,,,The Testament of Ann Lee (captioned),"media/images/TestamentOfAnnLee,The.jpg","1.00pm Friday 13 March Tenbury Wells, Regal<br> 15 Run time:2hrs 17'<a href=""https://borderlinesfilmfestival.co.uk/film/testament-ann-lee""> Book now </a>","Tenbury Wells, Regal",52.312433,-2.5969299
Friday 13 March,grade,#b2abd2,,,Iron Winter,media/images/IronWinter.jpg,"1.15pm Friday 13 March Hereford, The Courtyard<br>Preview 12A Run time:1hr 29'<a href=""https://borderlinesfilmfestival.co.uk/film/iron-winter""> Book now </a>","Hereford, The Courtyard",52.0610499,-2.7213427
Friday 13 March,grade,#b2abd2,,,Super Nature,media/images/Supernature.jpg,"12.00pm Friday 13 March Hereford, The Courtyard<br>Preview PG Run time:1hr 22'<a href=""https://borderlinesfilmfestival.co.uk/film/super-nature""> Book now </a>","Hereford, The Courtyard",52.0610499,-2.7213427
Friday 13 March,,#b2abd2,,,All That's Left of You,media/images/Allthatsleftofyou.jpg,"2.00pm Friday 13 March Hereford, The Courtyard<br> 12A Run time:2hrs 25'<a href=""https://borderlinesfilmfestival.co.uk/film/all-thats-left-you""> Book now </a>","Hereford, The Courtyard",52.0610499,-2.7213427
Friday 13 March,,#b2abd2,,,Rififi,media/images/Rififi.jpg,"2.00pm Friday 13 March Malvern Theatres<br> 12 Run time:1hr 58'<a href=""https://borderlinesfilmfestival.co.uk/film/rififi""> Book now </a>",Malvern Theatres,52.1104902,-2.3319386
Friday 13 March,,#b2abd2,,,The Shepherd and the Bear,media/images/ShepherdandthebearThe.jpg,"4.00pm Friday 13 March Malvern Theatres<br> 15 Run time:1hr 41'Sponsorship<a href=""https://borderlinesfilmfestival.co.uk/film/shepherd-and-bear""> Book now </a>",Malvern Theatres,52.1104902,-2.3319386
Friday 13 March,,#b2abd2,,,The President's Cake,media/images/PresidentsCakeThe.jpg,"4.30pm Friday 13 March Oswestry, Maona Cinema<br> 12A Run time:1hr 45'<a href=""https://borderlinesfilmfestival.co.uk/film/presidents-cake""> Book now </a>","Oswestry, Maona Cinema",52.860087,-3.0584223
Friday 13 March,grade,#b2abd2,,,Rose of Nevada,media/images/RoseofNevada.jpg,"4.45pm Friday 13 March Malvern Theatres<br>Preview 15 Run time:1hr 54'<a href=""https://borderlinesfilmfestival.co.uk/film/rose-nevada""> Book now </a>",Malvern Theatres,52.1104902,-2.3319386
Friday 13 March,,#b2abd2,,,The President's Cake,media/images/PresidentsCakeThe.jpg,"5.15pm Friday 13 March Hereford, The Courtyard<br> 12A Run time:1hr 45'Boys Book Club<a href=""https://borderlinesfilmfestival.co.uk/film/presidents-cake""> Book now </a>","Hereford, The Courtyard",52.0610499,-2.7213427
Friday 13 March,,#b2abd2,,,Open Screen,media/images/OpenScreen.jpg,"6.00pm Friday 13 March Ludlow Assembly Rooms<br> 15 Run time:2hrs 15'Free<a href=""https://borderlinesfilmfestival.co.uk/film/open-screen""> Book now </a>",Ludlow Assembly Rooms,52.3671433,-2.7233051
Friday 13 March,grade,#b2abd2,,,The Last Viking,media/images/LastVikingThe.jpg,"7.00pm Friday 13 March Hay, Booth's Bookshop Cinema<br>Preview 15 Run time:1hr 56'<a href=""https://borderlinesfilmfestival.co.uk/film/last-viking""> Book now </a>","Hay, Booth's Bookshop Cinema",52.0749735,-3.1275226
Friday 13 March,,#b2abd2,,,No Other Choice,media/images/NoOtherChoice.jpg,"7.15pm Friday 13 March Malvern Theatres<br> 15 Run time:2hrs 19'<a href=""https://borderlinesfilmfestival.co.uk/film/no-other-choice""> Book now </a>",Malvern Theatres,52.1104902,-2.3319386
Friday 13 March,,#b2abd2,,,The Choral,"media/images/Choral,The.jpg","7.30pm Friday 13 March All Stretton Village Hall<br> 12A Run time:1hr 53'<a href=""https://borderlinesfilmfestival.co.uk/film/choral""> Book now </a>",All Stretton Village Hall,52.5539741,-2.8016683
Friday 13 March,,#b2abd2,,,Dead of Winter,media/images/DeadOfWinter.jpg,"7.30pm Friday 13 March Bromyard, Conquest Theatre<br> 15 Run time:1hr 38'<a href=""https://borderlinesfilmfestival.co.uk/film/dead-winter""> Book now </a>","Bromyard, Conquest Theatre",52.1907507,-2.5112578
Friday 13 March,,#b2abd2,,,The Choral,"media/images/Choral,The.jpg","7.30pm Friday 13 March Knighton Community Centre<br> 12A Run time:1hr 53'<a href=""https://borderlinesfilmfestival.co.uk/film/choral""> Book now </a>",Knighton Community Centre,52.343162,-3.0474431
Friday 13 March,,#b2abd2,,,Deaf,media/images/Deaf.jpg,"7.30pm Friday 13 March Ledbury, The Market Theatre<br> 12A Run time:1hr 39'<a href=""https://borderlinesfilmfestival.co.uk/film/deaf""> Book now </a>","Ledbury, The Market Theatre",52.0360153,-2.4281983
Friday 13 March,,#b2abd2,,,The Testament of Ann Lee,"media/images/TestamentOfAnnLee,The.jpg","7.30pm Friday 13 March Malvern Theatres<br> 15 Run time:2hrs 17'<a href=""https://borderlinesfilmfestival.co.uk/film/testament-ann-lee""> Book now </a>",Malvern Theatres,52.1104902,-2.3319386
Friday 13 March,,#b2abd2,,,The Kitchen Brigade,media/images/KitchenBrigadeThe.jpg,"7.30pm Friday 13 March Michaelchurch Escley, Escleyside Hall<br> 12A Run time:1hr 37'<a href=""https://borderlinesfilmfestival.co.uk/film/kitchen-brigade""> Book now </a>","Michaelchurch Escley, Escleyside Hall",52.0131199,-3.0099245
Friday 13 March,,#b2abd2,,,The Testament of Ann Lee,"media/images/TestamentOfAnnLee,The.jpg","7.45pm Friday 13 March Hereford, The Courtyard<br> 15 Run time:2hrs 17'<a href=""https://borderlinesfilmfestival.co.uk/film/testament-ann-lee""> Book now </a>","Hereford, The Courtyard",52.0610499,-2.7213427
Friday 13 March,,#b2abd2,,,Souleymane's Story,media/images/Souleymane’sStory.jpg,"8.00pm Friday 13 March Presteigne Screen<br> 12A Run time:1hr 34'<a href=""https://borderlinesfilmfestival.co.uk/film/souleymanes-story""> Book now </a>",Presteigne Screen,52.2734231,-3.0088171
Saturday 14 March,grade,#b2abd2,,,Arco,media/images/Arco.jpg,"11.00am Saturday 14 March Hereford, The Courtyard<br>Preview PG Run time:1hr 28'<a href=""https://borderlinesfilmfestival.co.uk/film/arco""> Book now </a>","Hereford, The Courtyard",52.0610499,-2.7213427
Saturday 14 March,grade,#b2abd2,,,Only On Earth,media/images/OnlyOnEarth.jpg,"11.00am Saturday 14 March Malvern Theatres<br>Preview 12A Run time:1hr 33'<a href=""https://borderlinesfilmfestival.co.uk/film/only-earth""> Book now </a>",Malvern Theatres,52.1104902,-2.3319386
Saturday 14 March,grade,#b2abd2,,,Colours of Time,media/images/ColoursofTime.jpg,"1.00pm Saturday 14 March Oswestry, Maona Cinema<br>Preview 15 Run time:2hrs 4'<a href=""https://borderlinesfilmfestival.co.uk/film/colours-time""> Book now </a>","Oswestry, Maona Cinema",52.860087,-3.0584223
Saturday 14 March,,#b2abd2,,,The Testament of Ann Lee,"media/images/TestamentOfAnnLee,The.jpg","1.00pm Saturday 14 March Tenbury Wells, Regal<br> 15 Run time:2hrs 17'<a href=""https://borderlinesfilmfestival.co.uk/film/testament-ann-lee""> Book now </a>","Tenbury Wells, Regal",52.312433,-2.5969299
Saturday 14 March,,#b2abd2,,,Nouvelle Vague,media/images/NouvelleVague.jpg,"1.30pm Saturday 14 March Malvern Theatres<br> 12A Run time:1hr 46'<a href=""https://borderlinesfilmfestival.co.uk/film/nouvelle-vague""> Book now </a>",Malvern Theatres,52.1104902,-2.3319386
Saturday 14 March,grade,#b2abd2,,,Sound of Falling,media/images/Soundoffalling.jpg,"1.45pm Saturday 14 March Hereford, The Courtyard<br>Preview 18 Run time:2hrs 29'Reel Friends - Women Supporting Women in Film<a href=""https://borderlinesfilmfestival.co.uk/film/sound-falling""> Book now </a>","Hereford, The Courtyard",52.0610499,-2.7213427
Saturday 14 March,grade,#b2abd2,,,Arco (relaxed),media/images/Arco.jpg,"2.00pm Saturday 14 March Malvern Theatres<br>Preview PG Run time:1hr 28'<a href=""https://borderlinesfilmfestival.co.uk/film/arco""> Book now </a>",Malvern Theatres,52.1104902,-2.3319386
Saturday 14 March,grade,#b2abd2,,,The Stranger,media/images/StrangerThe.jpg,"4.15pm Saturday 14 March Malvern Theatres<br>Preview 15 Run time:2hrs 2'<a href=""https://borderlinesfilmfestival.co.uk/film/stranger""> Book now </a>",Malvern Theatres,52.1104902,-2.3319386
Saturday 14 March,,#b2abd2,,,My Father's Shadow,media/images/MyFathersShadow.jpg,"4.30pm Saturday 14 March Malvern Theatres<br> 12A Run time:1hr 33'<a href=""https://borderlinesfilmfestival.co.uk/film/my-fathers-shadow""> Book now </a>",Malvern Theatres,52.1104902,-2.3319386
Saturday 14 March,,#b2abd2,,,If I Had Legs I'd Kick You (captioned),media/images/IfIHadLegs.jpg,"4.30pm Saturday 14 March Oswestry, Maona Cinema<br> 15 Run time:1hr 53'<a href=""https://borderlinesfilmfestival.co.uk/film/if-i-had-legs-id-kick-you""> Book now </a>","Oswestry, Maona Cinema",52.860087,-3.0584223
Saturday 14 March,grade,#b2abd2,,,Love Me Tender,media/images/Lovemetender.jpg,"5.00pm Saturday 14 March Hereford, The Courtyard<br>Preview 15 Run time:2hrs 14'<a href=""https://borderlinesfilmfestival.co.uk/film/love-me-tender""> Book now </a>","Hereford, The Courtyard",52.0610499,-2.7213427
Saturday 14 March,grade,#b2abd2,,,The Stranger,media/images/StrangerThe.jpg,"7.00pm Saturday 14 March Hay, Booth's Bookshop Cinema<br>Preview 15 Run time:2hrs 2'<a href=""https://borderlinesfilmfestival.co.uk/film/stranger""> Book now </a>","Hay, Booth's Bookshop Cinema",52.0749735,-3.1275226
Saturday 14 March,,#b2abd2,,,No Other Choice,media/images/NoOtherChoice.jpg,"7.00pm Saturday 14 March Ludlow Assembly Rooms<br> 15 Run time:2hrs 19'<a href=""https://borderlinesfilmfestival.co.uk/film/no-other-choice""> Book now </a>",Ludlow Assembly Rooms,52.3671433,-2.7233051
Saturday 14 March,grade,#b2abd2,,,Queer as Punk,media/images/Queeraspunk.jpg,"7.15pm Saturday 14 March Malvern Theatres<br>Preview 15 Run time:1hr 28'<a href=""https://borderlinesfilmfestival.co.uk/film/queer-punk""> Book now </a>",Malvern Theatres,52.1104902,-2.3319386
Saturday 14 March,,#b2abd2,,,The Golden Spurtle,media/images/TheGoldenSpurtle.jpg,"7.30pm Saturday 14 March Eye, Cawley Hall<br> PG Run time:1hr 15'<a href=""https://borderlinesfilmfestival.co.uk/film/golden-spurtle""> Book now </a>","Eye, Cawley Hall",52.2710853,-2.7467118
Saturday 14 March,,#b2abd2,,,The Mastermind,media/images/MastermindThe.jpg,"7.30pm Saturday 14 March Cleobury Mortimer Parish Hall<br> 12A Run time:1hr 50'<a href=""https://borderlinesfilmfestival.co.uk/film/mastermind""> Book now </a>",Cleobury Mortimer Parish Hall,52.3797754,-2.4818812
Saturday 14 March,,#b2abd2,,,Springsteen: Deliver Us From Nowhere,media/images/Springsteen:DeliverUsFromNowhere.jpg,"7.30pm Saturday 14 March Kington, The Old Picture House<br> 12A Run time:1hr 59'<a href=""https://borderlinesfilmfestival.co.uk/film/springsteen-deliver-me-nowhere""> Book now </a>","Kington, The Old Picture House",52.202866,-3.0302892
Saturday 14 March,,#b2abd2,,,No Other Choice,media/images/NoOtherChoice.jpg,"7.30pm Saturday 14 March Malvern Theatres<br> 15 Run time:2hrs 19'Opencentric<a href=""https://borderlinesfilmfestival.co.uk/film/no-other-choice""> Book now </a>",Malvern Theatres,52.1104902,-2.3319386
Saturday 14 March,,#b2abd2,,,The Golden Spurtle,media/images/TheGoldenSpurtle.jpg,"7.30pm Saturday 14 March Much Birch Community Hall<br> PG Run time:1hr 15'<a href=""https://borderlinesfilmfestival.co.uk/film/golden-spurtle""> Book now </a>",Much Birch Community Hall,51.9712005,-2.7263239
Saturday 14 March,,#b2abd2,,,Deaf,media/images/Deaf.jpg,"7.30pm Saturday 14 March Tarrington, Lady Emily Hall<br> 12A Run time:1hr 39'<a href=""https://borderlinesfilmfestival.co.uk/film/deaf""> Book now </a>","Tarrington, Lady Emily Hall",52.0624835,-2.5662578
Saturday 14 March,grade,#b2abd2,,,Rose of Nevada,media/images/RoseofNevada.jpg,"8.00pm Saturday 14 March Hereford, The Courtyard<br>Preview 15 Run time:1hr 54'<a href=""https://borderlinesfilmfestival.co.uk/film/rose-nevada""> Book now </a>","Hereford, The Courtyard",52.0610499,-2.7213427
Sunday 15 March,,#b2abd2,,,À bout de souffle,media/images/Breathless.jpg,"11.00am Sunday 15 March Hereford, The Courtyard<br> 15 Run time:1hr 30'<a href=""https://borderlinesfilmfestival.co.uk/film/breathless""> Book now </a>","Hereford, The Courtyard",52.0610499,-2.7213427
Sunday 15 March,grade,#b2abd2,,,Only On Earth,media/images/OnlyOnEarth.jpg,"11.15am Sunday 15 March Hereford, The Courtyard<br>Preview 12A Run time:1hr 33'<a href=""https://borderlinesfilmfestival.co.uk/film/only-earth""> Book now </a>","Hereford, The Courtyard",52.0610499,-2.7213427
Sunday 15 March,,#b2abd2,,,The Voice of Hind Rajab,"media/images/VoiceofHindRajab,The.jpg","12.00pm Sunday 15 March Oswestry, Maona Cinema<br> 15 Run time:1hr 29'<a href=""https://borderlinesfilmfestival.co.uk/film/voice-hind-rajab""> Book now </a>","Oswestry, Maona Cinema",52.860087,-3.0584223
Sunday 15 March,,#b2abd2,,,The President's Cake,media/images/PresidentsCakeThe.jpg,"1.00pm Sunday 15 March Malvern Theatres<br> 12A Run time:1hr 45'<a href=""https://borderlinesfilmfestival.co.uk/film/presidents-cake""> Book now </a>",Malvern Theatres,52.1104902,-2.3319386
Sunday 15 March,grade,#b2abd2,,,The Stranger,media/images/StrangerThe.jpg,"1.15pm Sunday 15 March Hereford, The Courtyard<br>Preview 15 Run time:2hrs 2'<a href=""https://borderlinesfilmfestival.co.uk/film/stranger""> Book now </a>","Hereford, The Courtyard",52.0610499,-2.7213427
Sunday 15 March,grade,#b2abd2,,,Super Nature,media/images/Supernature.jpg,"1.15pm Sunday 15 March Malvern Theatres<br>Preview PG Run time:1hr 22'Sponsorship<a href=""https://borderlinesfilmfestival.co.uk/film/super-nature""> Book now </a>",Malvern Theatres,52.1104902,-2.3319386
Sunday 15 March,,#b2abd2,,,My Father's Shadow,media/images/MyFathersShadow.jpg,"1.40pm Sunday 15 March Hereford, The Courtyard<br> 12A Run time:1hr 33'Sue & Jeremy Bugler<a href=""https://borderlinesfilmfestival.co.uk/film/my-fathers-shadow""> Book now </a>","Hereford, The Courtyard",52.0610499,-2.7213427
Sunday 15 March,,#b2abd2,,,Springsteen: Deliver Us From Nowhere,media/images/Springsteen:DeliverUsFromNowhere.jpg,"2.00pm Sunday 15 March Bishops Castle, SpArC Theatre<br> 12A Run time:1hr 59'<a href=""https://borderlinesfilmfestival.co.uk/film/springsteen-deliver-me-nowhere""> Book now </a>","Bishops Castle, SpArC Theatre",52.4879301,-3.0003172
Sunday 15 March,,#b2abd2,,,I Swear,media/images/ISwear.jpg,"3.30pm Sunday 15 March Brilley Village Hall<br> 15 Run time:2hrs 1'<a href=""https://borderlinesfilmfestival.co.uk/film/i-swear""> Book now </a>",Brilley Village Hall,52.1413456,-3.0813093
Sunday 15 March,grade,#b2abd2,,,La Grazia,media/images/GraziaLa.jpg,"3.30pm Sunday 15 March Malvern Theatres<br>Preview 12A Run time:2hrs 11'<a href=""https://borderlinesfilmfestival.co.uk/film/grazia-la""> Book now </a>",Malvern Theatres,52.1104902,-2.3319386
Sunday 15 March,,#b2abd2,,,If I Had Legs I'd Kick You,media/images/IfIHadLegs.jpg,"4.00pm Sunday 15 March Hereford, The Courtyard<br> 15 Run time:1hr 53'<a href=""https://borderlinesfilmfestival.co.uk/film/if-i-had-legs-id-kick-you""> Book now </a>","Hereford, The Courtyard",52.0610499,-2.7213427
Sunday 15 March,grade,#b2abd2,,,Arco,media/images/Arco.jpg,"4.00pm Sunday 15 March Malvern Theatres<br>Preview PG Run time:1hr 28'<a href=""https://borderlinesfilmfestival.co.uk/film/arco""> Book now </a>",Malvern Theatres,52.1104902,-2.3319386
Sunday 15 March,,#b2abd2,,,The Testament of Ann Lee,"media/images/TestamentOfAnnLee,The.jpg","4.15pm Sunday 15 March Hereford, The Courtyard<br> 15 Run time:2hrs 17'<a href=""https://borderlinesfilmfestival.co.uk/film/testament-ann-lee""> Book now </a>","Hereford, The Courtyard",52.0610499,-2.7213427
Sunday 15 March,grade,#b2abd2,,,Hen,media/images/Hen2.jpg,"4.30pm Sunday 15 March Hay, Booth's Bookshop Cinema<br>Preview 15 Run time:1hr 36'<a href=""https://borderlinesfilmfestival.co.uk/film/hen""> Book now </a>","Hay, Booth's Bookshop Cinema",52.0749735,-3.1275226
Sunday 15 March,grade,#b2abd2,,,Redoubt,media/images/Redoubt.jpg,"6.30pm Sunday 15 March Malvern Theatres<br>Preview 12A Run time:1hr 25'<a href=""https://borderlinesfilmfestival.co.uk/film/redoubt""> Book now </a>",Malvern Theatres,52.1104902,-2.3319386
Sunday 15 March,grade,#b2abd2,,,Köln 75,media/images/Koln75.jpg,"7.00pm Sunday 15 March Hereford, The Courtyard<br>Preview 15 Run time:1hr 56'<a href=""https://borderlinesfilmfestival.co.uk/film/koln-75""> Book now </a>","Hereford, The Courtyard",52.0610499,-2.7213427
Sunday 15 March,grade,#b2abd2,,,Rose of Nevada,media/images/RoseofNevada.jpg,"7.00pm Sunday 15 March Malvern Theatres<br>Preview 15 Run time:1hr 54'<a href=""https://borderlinesfilmfestival.co.uk/film/rose-nevada""> Book now </a>",Malvern Theatres,52.1104902,-2.3319386
Sunday 15 March,,#b2abd2,,,Dead of Winter,media/images/DeadOfWinter.jpg,"7.30pm Sunday 15 March Brilley Village Hall<br> 15 Run time:1hr 38'<a href=""https://borderlinesfilmfestival.co.uk/film/dead-winter""> Book now </a>",Brilley Village Hall,52.1413456,-3.0813093
Sunday 15 March,grade,#b2abd2,,,Iron Winter,media/images/IronWinter.jpg,"7.30pm Sunday 15 March Hereford, The Courtyard<br>Preview 12A Run time:1hr 29'<a href=""https://borderlinesfilmfestival.co.uk/film/iron-winter""> Book now </a>","Hereford, The Courtyard",52.0610499,-2.7213427
Monday 16 March,,#e66101,,,The President's Cake,media/images/PresidentsCakeThe.jpg,"11.00am Monday 16 March Hereford, The Courtyard<br> 12A Run time:1hr 45'<a href=""https://borderlinesfilmfestival.co.uk/film/presidents-cake""> Book now </a>","Hereford, The Courtyard",52.0610499,-2.7213427
Monday 16 March,,#e66101,,,No Other Choice,media/images/NoOtherChoice.jpg,"11.15am Monday 16 March Hereford, The Courtyard<br> 15 Run time:2hrs 19'<a href=""https://borderlinesfilmfestival.co.uk/film/no-other-choice""> Book now </a>","Hereford, The Courtyard",52.0610499,-2.7213427
Monday 16 March,grade,#e66101,,,The Stranger,media/images/StrangerThe.jpg,"11.30am Monday 16 March Ludlow Assembly Rooms<br>Preview 15 Run time:2hrs 2'<a href=""https://borderlinesfilmfestival.co.uk/film/stranger""> Book now </a>",Ludlow Assembly Rooms,52.3671433,-2.7233051
Monday 16 March,,#e66101,,,If I Had Legs I'd Kick You,media/images/IfIHadLegs.jpg,"1.00pm Monday 16 March Tenbury Wells, Regal<br> 15 Run time:1hr 53'<a href=""https://borderlinesfilmfestival.co.uk/film/if-i-had-legs-id-kick-you""> Book now </a>","Tenbury Wells, Regal",52.312433,-2.5969299
Monday 16 March,grade,#e66101,,,Köln 75,media/images/Koln75.jpg,"1.30pm Monday 16 March Hereford, The Courtyard<br>Preview 15 Run time:1hr 56'<a href=""https://borderlinesfilmfestival.co.uk/film/koln-75""> Book now </a>","Hereford, The Courtyard",52.0610499,-2.7213427
Monday 16 March,,#e66101,,,Gun Crazy,media/images/GunCrazy.jpg,"1.45pm Monday 16 March Malvern Theatres<br> 12A Run time:1hr 27'<a href=""https://borderlinesfilmfestival.co.uk/film/gun-crazy""> Book now </a>",Malvern Theatres,52.1104902,-2.3319386
Monday 16 March,grade,#e66101,,,The Blue Trail,media/images/BlueTrailThe.jpg,"2.15pm Monday 16 March Hereford, The Courtyard<br>Preview 15 Run time:1hr 25'<a href=""https://borderlinesfilmfestival.co.uk/film/blue-trail""> Book now </a>","Hereford, The Courtyard",52.0610499,-2.7213427
Monday 16 March,,#e66101,,,Rififi,media/images/Rififi.jpg,"2.20pm Monday 16 March Ludlow Assembly Rooms<br> 12 Run time:1hr 58'<a href=""https://borderlinesfilmfestival.co.uk/film/rififi""> Book now </a>",Ludlow Assembly Rooms,52.3671433,-2.7233051
Monday 16 March,,#e66101,,,The Testament of Ann Lee,"media/images/TestamentOfAnnLee,The.jpg","4.00pm Monday 16 March Malvern Theatres<br> 15 Run time:2hrs 17'<a href=""https://borderlinesfilmfestival.co.uk/film/testament-ann-lee""> Book now </a>",Malvern Theatres,52.1104902,-2.3319386
Monday 16 March,,#e66101,,,The Testament of Ann Lee (captioned),"media/images/TestamentOfAnnLee,The.jpg","4.30pm Monday 16 March Hereford, The Courtyard<br> 15 Run time:2hrs 17'<a href=""https://borderlinesfilmfestival.co.uk/film/testament-ann-lee""> Book now </a>","Hereford, The Courtyard",52.0610499,-2.7213427
Monday 16 March,grade,#e66101,,,Hen,media/images/Hen2.jpg,"4.45pm Monday 16 March Hereford, The Courtyard<br>Preview 15 Run time:1hr 36'<a href=""https://borderlinesfilmfestival.co.uk/film/hen""> Book now </a>","Hereford, The Courtyard",52.0610499,-2.7213427
Monday 16 March,grade,#e66101,,,A Private Life,media/images/PrivateLifeA.jpg,"7.00pm Monday 16 March Ludlow Assembly Rooms<br>Preview 15 Run time:1hr 45'<a href=""https://borderlinesfilmfestival.co.uk/film/private-life""> Book now </a>",Ludlow Assembly Rooms,52.3671433,-2.7233051
Monday 16 March,,#e66101,,,The Testament of Ann Lee,"media/images/TestamentOfAnnLee,The.jpg","7.00pm Monday 16 March Tenbury Wells, Regal<br> 15 Run time:2hrs 17'<a href=""https://borderlinesfilmfestival.co.uk/film/testament-ann-lee""> Book now </a>","Tenbury Wells, Regal",52.312433,-2.5969299
Monday 16 March,grade,#e66101,,,Rose of Nevada,media/images/RoseofNevada.jpg,"7.15pm Monday 16 March Hereford, The Courtyard<br>Preview 15 Run time:1hr 54'<a href=""https://borderlinesfilmfestival.co.uk/film/rose-nevada""> Book now </a>","Hereford, The Courtyard",52.0610499,-2.7213427
Monday 16 March,,#e66101,,,If I Had Legs I'd Kick You (captioned),media/images/IfIHadLegs.jpg,"7.15pm Monday 16 March Malvern Theatres<br> 15 Run time:1hr 53'Captioned<a href=""https://borderlinesfilmfestival.co.uk/film/if-i-had-legs-id-kick-you""> Book now </a>",Malvern Theatres,52.1104902,-2.3319386
Monday 16 March,,#e66101,,,Deliverance,media/images/Deliverance.jpg,"7.30pm Monday 16 March Hereford, The Courtyard<br> 18 Run time:1hr 50'<a href=""https://borderlinesfilmfestival.co.uk/film/deliverance""> Book now </a>","Hereford, The Courtyard",52.0610499,-2.7213427
Tuesday 17 March,grade,#e66101,,,Wild Foxes,media/images/WildFoxes.jpg,"10.45am Tuesday 17 March Malvern Theatres<br>Preview 15 Run time:1hr 32'<a href=""https://borderlinesfilmfestival.co.uk/film/wild-foxes""> Book now </a>",Malvern Theatres,52.1104902,-2.3319386
Tuesday 17 March,grade,#e66101,,,Enzo,media/images/Enzo.jpg,"11.00am Tuesday 17 March Hereford, The Courtyard<br>Preview 15 Run time:1hr 42'<a href=""https://borderlinesfilmfestival.co.uk/film/enzo""> Book now </a>","Hereford, The Courtyard",52.0610499,-2.7213427
Tuesday 17 March,,#e66101,,,Grass: A Nation's Battle For Life,media/images/Grass.jpg,"11.00am Tuesday 17 March Malvern Theatres<br> PG Run time:1hr 11'<a href=""https://borderlinesfilmfestival.co.uk/film/grass-nations-battle-life""> Book now </a>",Malvern Theatres,52.1104902,-2.3319386
Tuesday 17 March,,#e66101,,,All That's Left of You,media/images/Allthatsleftofyou.jpg,"11.15am Tuesday 17 March Hereford, The Courtyard<br> 12A Run time:2hrs 25'<a href=""https://borderlinesfilmfestival.co.uk/film/all-thats-left-you""> Book now </a>","Hereford, The Courtyard",52.0610499,-2.7213427
Tuesday 17 March,,#e66101,,,If I Had Legs I'd Kick You,media/images/IfIHadLegs.jpg,"1.15pm Tuesday 17 March Malvern Theatres<br> 15 Run time:1hr 53'Until 3:15pm<a href=""https://borderlinesfilmfestival.co.uk/film/if-i-had-legs-id-kick-you""> Book now </a>",Malvern Theatres,52.1104902,-2.3319386
Tuesday 17 March,,#e66101,,,The Secret Agent,media/images/SecretAgentThe.jpg,"1.30pm Tuesday 17 March Hereford, The Courtyard<br> 15 Run time:2hrs 41'<a href=""https://borderlinesfilmfestival.co.uk/film/secret-agent""> Book now </a>","Hereford, The Courtyard",52.0610499,-2.7213427
Tuesday 17 March,,#e66101,,,The Testament of Ann Lee,"media/images/TestamentOfAnnLee,The.jpg","1.45pm Tuesday 17 March Malvern Theatres<br> 15 Run time:2hrs 17'<a href=""https://borderlinesfilmfestival.co.uk/film/testament-ann-lee""> Book now </a>",Malvern Theatres,52.1104902,-2.3319386
Tuesday 17 March,grade,#e66101,,,Hen,media/images/Hen2.jpg,"2.30pm Tuesday 17 March Hereford, The Courtyard<br>Preview 15 Run time:1hr 36'<a href=""https://borderlinesfilmfestival.co.uk/film/hen""> Book now </a>","Hereford, The Courtyard",52.0610499,-2.7213427
Tuesday 17 March,grade,#e66101,,,Colours of Time,media/images/ColoursofTime.jpg,"5.00pm Tuesday 17 March Hereford, The Courtyard<br>Preview 15 Run time:2hrs 4'<a href=""https://borderlinesfilmfestival.co.uk/film/colours-time""> Book now </a>","Hereford, The Courtyard",52.0610499,-2.7213427
Tuesday 17 March,,#e66101,,,The President's Cake,media/images/PresidentsCakeThe.jpg,"5.00pm Tuesday 17 March Malvern Theatres<br> 12A Run time:1hr 45'<a href=""https://borderlinesfilmfestival.co.uk/film/presidents-cake""> Book now </a>",Malvern Theatres,52.1104902,-2.3319386
Tuesday 17 March,grade,#e66101,,,Our Land,media/images/OurLand.jpg,"5.15pm Tuesday 17 March Hereford, The Courtyard<br>Preview 12A Run time:1hr 30'Claire & Simon Scott<a href=""https://borderlinesfilmfestival.co.uk/film/our-land""> Book now </a>","Hereford, The Courtyard",52.0610499,-2.7213427
Tuesday 17 March,,#e66101,,,If I Had Legs I'd Kick You,media/images/IfIHadLegs.jpg,"7.00pm Tuesday 17 March Ludlow Assembly Rooms<br> 15 Run time:1hr 53'Mortimer Book Club<a href=""https://borderlinesfilmfestival.co.uk/film/if-i-had-legs-id-kick-you""> Book now </a>",Ludlow Assembly Rooms,52.3671433,-2.7233051
Tuesday 17 March,grade,#e66101,,,Father Mother Sister Brother,media/images/FatherMotherSisterBrother.jpg,"7.30pm Tuesday 17 March Hereford, The Courtyard<br>Preview 15 Run time:1hr 52'<a href=""https://borderlinesfilmfestival.co.uk/film/father-mother-sister-brother""> Book now </a>","Hereford, The Courtyard",52.0610499,-2.7213427
Tuesday 17 March,grade,#e66101,,,La Grazia,media/images/GraziaLa.jpg,"7.30pm Tuesday 17 March Malvern Theatres<br>Preview 12A Run time:2hrs 11'<a href=""https://borderlinesfilmfestival.co.uk/film/grazia-la""> Book now </a>",Malvern Theatres,52.1104902,-2.3319386
Tuesday 17 March,,#e66101,,,If I Had Legs I'd Kick You,media/images/IfIHadLegs.jpg,"7.45pm Tuesday 17 March Hereford, The Courtyard<br> 15 Run time:1hr 53'<a href=""https://borderlinesfilmfestival.co.uk/film/if-i-had-legs-id-kick-you""> Book now </a>","Hereford, The Courtyard",52.0610499,-2.7213427
Wednesday 18 March,,#e66101,,,The Voice of Hind Rajab,"media/images/VoiceofHindRajab,The.jpg","11.00am Wednesday 18 March Hereford, The Courtyard<br> 15 Run time:1hr 29'<a href=""https://borderlinesfilmfestival.co.uk/film/voice-hind-rajab""> Book now </a>","Hereford, The Courtyard",52.0610499,-2.7213427
Wednesday 18 March,grade,#e66101,,,Wild Foxes,media/images/WildFoxes.jpg,"11.15am Wednesday 18 March Hereford, The Courtyard<br>Preview 15 Run time:1hr 32'<a href=""https://borderlinesfilmfestival.co.uk/film/wild-foxes""> Book now </a>","Hereford, The Courtyard",52.0610499,-2.7213427
Wednesday 18 March,,#e66101,,,Grass: A Nation's Battle For Life,media/images/Grass.jpg,"1.30pm Wednesday 18 March Hereford, The Courtyard<br> PG Run time:1hr 11'<a href=""https://borderlinesfilmfestival.co.uk/film/grass-nations-battle-life""> Book now </a>","Hereford, The Courtyard",52.0610499,-2.7213427
Wednesday 18 March,grade,#e66101,,,La Grazia,media/images/GraziaLa.jpg,"1.45pm Wednesday 18 March Hereford, The Courtyard<br>Preview 12A Run time:2hrs 11'<a href=""https://borderlinesfilmfestival.co.uk/film/grazia-la""> Book now </a>","Hereford, The Courtyard",52.0610499,-2.7213427
Wednesday 18 March,,#e66101,,,My Father's Shadow,media/images/MyFathersShadow.jpg,"1.45pm Wednesday 18 March Malvern Theatres<br> 12A Run time:1hr 33'<a href=""https://borderlinesfilmfestival.co.uk/film/my-fathers-shadow""> Book now </a>",Malvern Theatres,52.1104902,-2.3319386
Wednesday 18 March,grade,#e66101,,,Sound of Falling,media/images/Soundoffalling.jpg,"4.15pm Wednesday 18 March Malvern Theatres<br>Preview 18 Run time:2hrs 29'Simon Payton<a href=""https://borderlinesfilmfestival.co.uk/film/sound-falling""> Book now </a>",Malvern Theatres,52.1104902,-2.3319386
Wednesday 18 March,,#e66101,,,No Other Choice,media/images/NoOtherChoice.jpg,"4.30pm Wednesday 18 March Hereford, The Courtyard<br> 15 Run time:2hrs 19'Richard Jones<a href=""https://borderlinesfilmfestival.co.uk/film/no-other-choice""> Book now </a>","Hereford, The Courtyard",52.0610499,-2.7213427
Wednesday 18 March,grade,#e66101,,,The Stranger,media/images/StrangerThe.jpg,"4.45pm Wednesday 18 March Hereford, The Courtyard<br>Preview 15 Run time:2hrs 2'Susie Dunkerton<a href=""https://borderlinesfilmfestival.co.uk/film/stranger""> Book now </a>","Hereford, The Courtyard",52.0610499,-2.7213427
Wednesday 18 March,grade,#e66101,,,Enzo,media/images/Enzo.jpg,"7.00pm Wednesday 18 March Malvern Theatres<br>Preview 15 Run time:1hr 42'<a href=""https://borderlinesfilmfestival.co.uk/film/enzo""> Book now </a>",Malvern Theatres,52.1104902,-2.3319386
Wednesday 18 March,,#e66101,,,H is for Hawk,media/images/HisforHawk.jpg,"7.00pm Wednesday 18 March Tenbury Wells, Regal<br> 12A Run time:1hr 54'<a href=""https://borderlinesfilmfestival.co.uk/film/h-hawk""> Book now </a>","Tenbury Wells, Regal",52.312433,-2.5969299
Wednesday 18 March,,#e66101,,,The Mastermind,media/images/MastermindThe.jpg,"7.30pm Wednesday 18 March Bromyard, Conquest Theatre<br> 12A Run time:1hr 50'<a href=""https://borderlinesfilmfestival.co.uk/film/mastermind""> Book now </a>","Bromyard, Conquest Theatre",52.1907507,-2.5112578
Wednesday 18 March,grade,#e66101,,,The Last One for the Road,media/images/LastOneforTheRoad.jpg,"7.30pm Wednesday 18 March Hereford, The Courtyard<br>Preview 15 Run time:1hr 40'<a href=""https://borderlinesfilmfestival.co.uk/film/last-one-road""> Book now </a>","Hereford, The Courtyard",52.0610499,-2.7213427
Wednesday 18 March,grade,#e66101,,,Our Land,media/images/OurLand.jpg,"7.30pm Wednesday 18 March Malvern Theatres<br>Preview 12A Run time:1hr 30'<a href=""https://borderlinesfilmfestival.co.uk/film/our-land""> Book now </a>",Malvern Theatres,52.1104902,-2.3319386
Wednesday 18 March,,#e66101,,,The Testament of Ann Lee,"media/images/TestamentOfAnnLee,The.jpg","7.45pm Wednesday 18 March Hereford, The Courtyard<br> 15 Run time:2hrs 17'<a href=""https://borderlinesfilmfestival.co.uk/film/testament-ann-lee""> Book now </a>","Hereford, The Courtyard",52.0610499,-2.7213427
Thursday 19 March,grade,#e66101,,,Sound of Falling,media/images/Soundoffalling.jpg,"11.00am Thursday 19 March Hereford, The Courtyard<br>Preview 18 Run time:2hrs 29'<a href=""https://borderlinesfilmfestival.co.uk/film/sound-falling""> Book now </a>","Hereford, The Courtyard",52.0610499,-2.7213427
Thursday 19 March,,#e66101,,,The Shepherd and the Bear,media/images/ShepherdandthebearThe.jpg,"11.15am Thursday 19 March Hereford, The Courtyard<br> 15 Run time:1hr 41'<a href=""https://borderlinesfilmfestival.co.uk/film/shepherd-and-bear""> Book now </a>","Hereford, The Courtyard",52.0610499,-2.7213427
Thursday 19 March,grade,#e66101,,,Our Land (captioned),media/images/OurLand.jpg,"11.30am Thursday 19 March Malvern Theatres<br>Preview 12A Run time:1hr 30'Captioned<a href=""https://borderlinesfilmfestival.co.uk/film/our-land""> Book now </a>",Malvern Theatres,52.1104902,-2.3319386
Thursday 19 March,,#e66101,,,The Leopard,media/images/LeopardThe.jpg,"1.15pm Thursday 19 March Malvern Theatres<br> PG Run time:3hrs 4'<a href=""https://borderlinesfilmfestival.co.uk/film/leopard""> Book now </a>",Malvern Theatres,52.1104902,-2.3319386
Thursday 19 March,grade,#e66101,,,Iron Winter,media/images/IronWinter.jpg,"1.45pm Thursday 19 March Malvern Theatres<br>Preview 12A Run time:1hr 29'<a href=""https://borderlinesfilmfestival.co.uk/film/iron-winter""> Book now </a>",Malvern Theatres,52.1104902,-2.3319386
Thursday 19 March,,#e66101,,,The Conversation,media/images/ConversationThe.jpg,"1.50pm Thursday 19 March Hereford, The Courtyard<br> 15 Run time:1hr 53'<a href=""https://borderlinesfilmfestival.co.uk/film/conversation""> Book now </a>","Hereford, The Courtyard",52.0610499,-2.7213427
Thursday 19 March,grade,#e66101,,,Love Me Tender,media/images/Lovemetender.jpg,"2.00pm Thursday 19 March Ludlow Assembly Rooms<br>Preview 15 Run time:2hrs 14'<a href=""https://borderlinesfilmfestival.co.uk/film/love-me-tender""> Book now </a>",Ludlow Assembly Rooms,52.3671433,-2.7233051
Thursday 19 March,grade,#e66101,,,Seeds,media/images/Seeds.jpg,"2.10pm Thursday 19 March Hereford, The Courtyard<br>Preview PG Run time:2hrs 3'<a href=""https://borderlinesfilmfestival.co.uk/film/seeds""> Book now </a>","Hereford, The Courtyard",52.0610499,-2.7213427
Thursday 19 March,grade,#e66101,,,The Last Viking,media/images/LastVikingThe.jpg,"4.45pm Thursday 19 March Hereford, The Courtyard<br>Preview 15 Run time:1hr 56'<a href=""https://borderlinesfilmfestival.co.uk/film/last-viking""> Book now </a>","Hereford, The Courtyard",52.0610499,-2.7213427
Thursday 19 March,grade,#e66101,,,Enzo,media/images/Enzo.jpg,"5.00pm Thursday 19 March Hereford, The Courtyard<br>Preview 15 Run time:1hr 42'<a href=""https://borderlinesfilmfestival.co.uk/film/enzo""> Book now </a>","Hereford, The Courtyard",52.0610499,-2.7213427
Thursday 19 March,grade,#e66101,,,Hen,media/images/Hen2.jpg,"5.15pm Thursday 19 March Malvern Theatres<br>Preview 15 Run time:1hr 36'<a href=""https://borderlinesfilmfestival.co.uk/film/hen""> Book now </a>",Malvern Theatres,52.1104902,-2.3319386
Thursday 19 March,,#e66101,,,Souleymane's Story,media/images/Souleymane’sStory.jpg,"7.00pm Thursday 19 March Bishops Castle, SpArC Theatre<br> 12A Run time:1hr 34'<a href=""https://borderlinesfilmfestival.co.uk/film/souleymanes-story""> Book now </a>","Bishops Castle, SpArC Theatre",52.4879301,-3.0003172
Thursday 19 March,grade,#e66101,,,Our Land,media/images/OurLand.jpg,"7.00pm Thursday 19 March Ludlow Assembly Rooms<br>Preview 12A Run time:1hr 30'<a href=""https://borderlinesfilmfestival.co.uk/film/our-land""> Book now </a>",Ludlow Assembly Rooms,52.3671433,-2.7233051
Thursday 19 March,,#e66101,,,I Swear,media/images/ISwear.jpg,"7.00pm Thursday 19 March Pudleston Village Hall<br> 15 Run time:2hrs 1'<a href=""https://borderlinesfilmfestival.co.uk/film/i-swear""> Book now </a>",Pudleston Village Hall,52.2366329,-2.6429668
Thursday 19 March,,#e66101,,,Souleymane's Story,media/images/Souleymane’sStory.jpg,"7.30pm Thursday 19 March Castlemorton Parish Hall<br> 12A Run time:1hr 34'<a href=""https://borderlinesfilmfestival.co.uk/film/souleymanes-story""> Book now </a>",Castlemorton Parish Hall,52.0366743,-2.3158541
Thursday 19 March,grade,#e66101,,,Tuner,media/images/Tuner.jpg,"7.30pm Thursday 19 March Hereford, The Courtyard<br>Preview 15 Run time:1hr 49'<a href=""https://borderlinesfilmfestival.co.uk/film/tuner""> Book now </a>","Hereford, The Courtyard",52.0610499,-2.7213427
Thursday 19 March,,#e66101,,,One Battle After Another (captioned),media/images/OneBattleAfterAnother.jpg,"7.30pm Thursday 19 March Leintwardine Community Centre<br> 15 Run time:2hrs 42'<a href=""https://borderlinesfilmfestival.co.uk/film/one-battle-after-another""> Book now </a>",Leintwardine Community Centre,52.3614481,-2.8831932
Thursday 19 March,grade,#e66101,,,Seeds,media/images/Seeds.jpg,"7.30pm Thursday 19 March Malvern Theatres<br>Preview PG Run time:2hrs 3'<a href=""https://borderlinesfilmfestival.co.uk/film/seeds""> Book now </a>",Malvern Theatres,52.1104902,-2.3319386
Thursday 19 March,,#e66101,,,Rental Family,media/images/RentalFamily.jpg,"7.30pm Thursday 19 March Oswestry, Maona Cinema<br> 12A Run time:1hr 50'<a href=""https://borderlinesfilmfestival.co.uk/film/rental-family""> Book now </a>","Oswestry, Maona Cinema",52.860087,-3.0584223
Thursday 19 March,,#e66101,,,The Choral,"media/images/Choral,The.jpg","7.30pm Thursday 19 March Pencombe & Little Cowarne Parish Hall<br> 12A Run time:1hr 53'<a href=""https://borderlinesfilmfestival.co.uk/film/choral""> Book now </a>",Pencombe & Little Cowarne Parish Hall,52.1723476,-2.5869554
Thursday 19 March,grade,#e66101,,,La Grazia,media/images/GraziaLa.jpg,"7.45pm Thursday 19 March Hereford, The Courtyard<br>Preview 12A Run time:2hrs 11'<a href=""https://borderlinesfilmfestival.co.uk/film/grazia-la""> Book now </a>","Hereford, The Courtyard",52.0610499,-2.7213427
Thursday 19 March,grade,#e66101,,,The Last Viking,media/images/LastVikingThe.jpg,"7.45pm Thursday 19 March Malvern Theatres<br>Preview 15 Run time:1hr 56'<a href=""https://borderlinesfilmfestival.co.uk/film/last-viking""> Book now </a>",Malvern Theatres,52.1104902,-2.3319386
Friday 20 March,grade,#e66101,,,The Blue Trail,media/images/BlueTrailThe.jpg,"11.00am Friday 20 March Hereford, The Courtyard<br>Preview 15 Run time:1hr 25'<a href=""https://borderlinesfilmfestival.co.uk/film/blue-trail""> Book now </a>","Hereford, The Courtyard",52.0610499,-2.7213427
Friday 20 March,grade,#e66101,,,A Private Life (captioned),media/images/PrivateLifeA.jpg,"11.30am Friday 20 March Ludlow Assembly Rooms<br>Preview 15 Run time:1hr 45'<a href=""https://borderlinesfilmfestival.co.uk/film/private-life""> Book now </a>",Ludlow Assembly Rooms,52.3671433,-2.7233051
Friday 20 March,grade,#e66101,,,Rebuilding (captioned),media/images/Rebuilding.jpg,"11.45am Friday 20 March Hereford, The Courtyard<br>Preview 12A Run time:1hr 36'<a href=""https://borderlinesfilmfestival.co.uk/film/rebuilding""> Book now </a>","Hereford, The Courtyard",52.0610499,-2.7213427
Friday 20 March,grade,#e66101,,,Köln 75,media/images/Koln75.jpg,"1.45pm Friday 20 March Malvern Theatres<br>Preview 15 Run time:1hr 56'<a href=""https://borderlinesfilmfestival.co.uk/film/koln-75""> Book now </a>",Malvern Theatres,52.1104902,-2.3319386
Friday 20 March,grade,#e66101,,,The Last Viking,media/images/LastVikingThe.jpg,"2.00pm Friday 20 March Ludlow Assembly Rooms<br>Preview 15 Run time:1hr 56'<a href=""https://borderlinesfilmfestival.co.uk/film/last-viking""> Book now </a>",Ludlow Assembly Rooms,52.3671433,-2.7233051
Friday 20 March,grade,#e66101,,,The Last Viking,media/images/LastVikingThe.jpg,"2.00pm Friday 20 March Malvern Theatres<br>Preview 15 Run time:1hr 56'<a href=""https://borderlinesfilmfestival.co.uk/film/last-viking""> Book now </a>",Malvern Theatres,52.1104902,-2.3319386
Friday 20 March,grade,#e66101,,,Colours of Time,media/images/ColoursofTime.jpg,"2.30pm Friday 20 March Hereford, The Courtyard<br>Preview 15 Run time:2hrs 4'Katherine Wedgbury<a href=""https://borderlinesfilmfestival.co.uk/film/colours-time""> Book now </a>","Hereford, The Courtyard",52.0610499,-2.7213427
Friday 20 March,grade,#e66101,,,Redoubt,media/images/Redoubt.jpg,"3.00pm Friday 20 March Hereford, The Courtyard<br>Preview 12A Run time:1hr 25'<a href=""https://borderlinesfilmfestival.co.uk/film/redoubt""> Book now </a>","Hereford, The Courtyard",52.0610499,-2.7213427
Friday 20 March,grade,#e66101,,,Seeds,media/images/Seeds.jpg,"4.30pm Friday 20 March Malvern Theatres<br>Preview PG Run time:2hrs 3'<a href=""https://borderlinesfilmfestival.co.uk/film/seeds""> Book now </a>",Malvern Theatres,52.1104902,-2.3319386
Friday 20 March,grade,#e66101,,,Our Land (captioned),media/images/OurLand.jpg,"4.30pm Friday 20 March Oswestry, Maona Cinema<br>Preview 12A Run time:<a href=""https://borderlinesfilmfestival.co.uk/film/our-land""> Book now </a>","Oswestry, Maona Cinema",52.860087,-3.0584223
Friday 20 March,grade,#e66101,,,Rebuilding,media/images/Rebuilding.jpg,"5.00pm Friday 20 March Malvern Theatres<br>Preview 12A Run time:1hr 36'<a href=""https://borderlinesfilmfestival.co.uk/film/rebuilding""> Book now </a>",Malvern Theatres,52.1104902,-2.3319386
Friday 20 March,grade,#e66101,,,Tuner,media/images/Tuner.jpg,"5.15pm Friday 20 March Hereford, The Courtyard<br>Preview 15 Run time:1hr 49'<a href=""https://borderlinesfilmfestival.co.uk/film/tuner""> Book now </a>","Hereford, The Courtyard",52.0610499,-2.7213427
Friday 20 March,grade,#e66101,,,Wild Foxes,media/images/WildFoxes.jpg,"5.30pm Friday 20 March Hereford, The Courtyard<br>Preview 15 Run time:1hr 32'<a href=""https://borderlinesfilmfestival.co.uk/film/wild-foxes""> Book now </a>","Hereford, The Courtyard",52.0610499,-2.7213427
Friday 20 March,grade,#e66101,,,Rebuilding,media/images/Rebuilding.jpg,"7.00pm Friday 20 March Ludlow Assembly Rooms<br>Preview 12A Run time:1hr 36'<a href=""https://borderlinesfilmfestival.co.uk/film/rebuilding""> Book now </a>",Ludlow Assembly Rooms,52.3671433,-2.7233051
Friday 20 March,,#e66101,,,The Golden Spurtle,media/images/TheGoldenSpurtle.jpg,"7.30pm Friday 20 March Bromyard, Conquest Theatre<br> PG Run time:1hr 15'<a href=""https://borderlinesfilmfestival.co.uk/film/golden-spurtle""> Book now </a>","Bromyard, Conquest Theatre",52.1907507,-2.5112578
Friday 20 March,,#e66101,,,Dead of Winter,media/images/DeadOfWinter.jpg,"7.30pm Friday 20 March Garway Village Hall<br> 15 Run time:1hr 38'<a href=""https://borderlinesfilmfestival.co.uk/film/dead-winter""> Book now </a>",Garway Village Hall,51.9004544,-2.7888184
Friday 20 March,grade,#e66101,,,Tuner,media/images/Tuner.jpg,"7.30pm Friday 20 March Malvern Theatres<br>Preview 15 Run time:1hr 49'<a href=""https://borderlinesfilmfestival.co.uk/film/tuner""> Book now </a>",Malvern Theatres,52.1104902,-2.3319386
Friday 20 March,,#e66101,,,One Battle After Another,media/images/OneBattleAfterAnother.jpg,"7.30pm Friday 20 March Michaelchurch Escley, Escleyside Hall<br> 15 Run time:2hrs 42'<a href=""https://borderlinesfilmfestival.co.uk/film/one-battle-after-another""> Book now </a>","Michaelchurch Escley, Escleyside Hall",52.0131199,-3.0099245
Friday 20 March,grade,#e66101,,,The Last Viking,media/images/LastVikingThe.jpg,"7.45pm Friday 20 March Hereford, The Courtyard<br>Preview 15 Run time:1hr 56'<a href=""https://borderlinesfilmfestival.co.uk/film/last-viking""> Book now </a>","Hereford, The Courtyard",52.0610499,-2.7213427
Friday 20 March,grade,#e66101,,,Hen,media/images/Hen2.jpg,"7.45pm Friday 20 March Malvern Theatres<br>Preview 15 Run time:1hr 36'<a href=""https://borderlinesfilmfestival.co.uk/film/hen""> Book now </a>",Malvern Theatres,52.1104902,-2.3319386
Friday 20 March,grade,#e66101,,,Rebuilding,media/images/Rebuilding.jpg,"8.00pm Friday 20 March Hereford, The Courtyard<br>Preview 12A Run time:1hr 36'<a href=""https://borderlinesfilmfestival.co.uk/film/rebuilding""> Book now </a>","Hereford, The Courtyard",52.0610499,-2.7213427
Friday 20 March,,#e66101,,,I Swear,media/images/ISwear.jpg,"8.00pm Friday 20 March Presteigne Screen<br> 15 Run time:2hrs 1'<a href=""https://borderlinesfilmfestival.co.uk/film/i-swear""> Book now </a>",Presteigne Screen,52.2734231,-3.0088171
Saturday 21 March,,#e66101,,,"Little Amélie, or The Character of Rain",media/images/LittleAmelie.jpg,"11.00am Saturday 21 March Hereford, The Courtyard<br> PG Run time:1hr 17'<a href=""https://borderlinesfilmfestival.co.uk/film/little-amelie""> Book now </a>","Hereford, The Courtyard",52.0610499,-2.7213427
Saturday 21 March,grade,#e66101,,,Iron Winter,media/images/IronWinter.jpg,"11.00am Saturday 21 March Malvern Theatres<br>Preview 12A Run time:1hr 29'<a href=""https://borderlinesfilmfestival.co.uk/film/iron-winter""> Book now </a>",Malvern Theatres,52.1104902,-2.3319386
Saturday 21 March,,#e66101,,,My Father's Shadow,media/images/MyFathersShadow.jpg,"11.15am Saturday 21 March Hereford, The Courtyard<br> 12A Run time:1hr 33'<a href=""https://borderlinesfilmfestival.co.uk/film/my-fathers-shadow""> Book now </a>","Hereford, The Courtyard",52.0610499,-2.7213427
Saturday 21 March,,#e66101,,,The President's Cake,media/images/PresidentsCakeThe.jpg,"11.30am Saturday 21 March Ludlow Assembly Rooms<br> 12A Run time:1hr 45'<a href=""https://borderlinesfilmfestival.co.uk/film/presidents-cake""> Book now </a>",Ludlow Assembly Rooms,52.3671433,-2.7233051
Saturday 21 March,,#e66101,,,"Little Amélie, or The Character of Rain",media/images/LittleAmelie.jpg,"1.00pm Saturday 21 March Oswestry, Maona Cinema<br> PG Run time:1hr 17'<a href=""https://borderlinesfilmfestival.co.uk/film/little-amelie""> Book now </a>","Oswestry, Maona Cinema",52.860087,-3.0584223
Saturday 21 March,grade,#e66101,,,Rebuilding,media/images/Rebuilding.jpg,"1.30pm Saturday 21 March Hereford, The Courtyard<br>Preview 12A Run time:1hr 36'<a href=""https://borderlinesfilmfestival.co.uk/film/rebuilding""> Book now </a>","Hereford, The Courtyard",52.0610499,-2.7213427
Saturday 21 March,,#e66101,,,"Little Amélie, or The Character of Rain",media/images/LittleAmelie.jpg,"1.30pm Saturday 21 March Malvern Theatres<br> PG Run time:1hr 17'<a href=""https://borderlinesfilmfestival.co.uk/film/little-amelie""> Book now </a>",Malvern Theatres,52.1104902,-2.3319386
Saturday 21 March,grade,#e66101,,,Colours of Time,media/images/ColoursofTime.jpg,"1.45pm Saturday 21 March Malvern Theatres<br>Preview 15 Run time:2hrs 4'<a href=""https://borderlinesfilmfestival.co.uk/film/colours-time""> Book now </a>",Malvern Theatres,52.1104902,-2.3319386
Saturday 21 March,grade,#e66101,,,Super Nature,media/images/Supernature.jpg,"2.00pm Saturday 21 March Hereford, The Courtyard<br>Preview PG Run time:1hr 22'<a href=""https://borderlinesfilmfestival.co.uk/film/super-nature""> Book now </a>","Hereford, The Courtyard",52.0610499,-2.7213427
Saturday 21 March,,#e66101,,,Zootropolis 2 (relaxed),media/images/Zootropolis2.jpg,"2.00pm Saturday 21 March Kington, The Old Picture House<br> PG Run time:1hr 48'<a href=""https://borderlinesfilmfestival.co.uk/film/zootropolis-2""> Book now </a>","Kington, The Old Picture House",52.202866,-3.0302892
Saturday 21 March,grade,#e66101,,,Redoubt,media/images/Redoubt.jpg,"4.00pm Saturday 21 March Malvern Theatres<br>Preview 12A Run time:1hr 25'<a href=""https://borderlinesfilmfestival.co.uk/film/redoubt""> Book now </a>",Malvern Theatres,52.1104902,-2.3319386
Saturday 21 March,,#e66101,,,Iris on the Move,media/images/IrisPrize.jpg,"4.10pm Saturday 21 March Hereford, The Courtyard<br> 15 Run time:1hr 1'Free<a href=""https://borderlinesfilmfestival.co.uk/film/iris-move""> Book now </a>","Hereford, The Courtyard",52.0610499,-2.7213427
Saturday 21 March,grade,#e66101,,,The Stranger,media/images/StrangerThe.jpg,"4.10pm Saturday 21 March Hereford, The Courtyard<br>Preview 15 Run time:2hrs 2'<a href=""https://borderlinesfilmfestival.co.uk/film/stranger""> Book now </a>","Hereford, The Courtyard",52.0610499,-2.7213427
Saturday 21 March,grade,#e66101,,,Rebuilding,media/images/Rebuilding.jpg,"4.30pm Saturday 21 March Oswestry, Maona Cinema<br>Preview 12A Run time:1hr 36'<a href=""https://borderlinesfilmfestival.co.uk/film/rebuilding""> Book now </a>","Oswestry, Maona Cinema",52.860087,-3.0584223
Saturday 21 March,grade,#e66101,,,Tuner,media/images/Tuner.jpg,"4.45pm Saturday 21 March Malvern Theatres<br>Preview 15 Run time:1hr 49'<a href=""https://borderlinesfilmfestival.co.uk/film/tuner""> Book now </a>",Malvern Theatres,52.1104902,-2.3319386
Saturday 21 March,grade,#e66101,,,Köln 75,media/images/Koln75.jpg,"7.00pm Saturday 21 March Malvern Theatres<br>Preview 15 Run time:1hr 56'<a href=""https://borderlinesfilmfestival.co.uk/film/koln-75""> Book now </a>",Malvern Theatres,52.1104902,-2.3319386
Saturday 21 March,,#e66101,,,One Battle After Another,media/images/OneBattleAfterAnother.jpg,"7.30pm Saturday 21 March Cleobury Mortimer Parish Hall<br> 15 Run time:2hrs 42'<a href=""https://borderlinesfilmfestival.co.uk/film/one-battle-after-another""> Book now </a>",Cleobury Mortimer Parish Hall,52.3797754,-2.4818812
Saturday 21 March,grade,#e66101,,,The Last Viking,media/images/LastVikingThe.jpg,"7.30pm Saturday 21 March Hereford, The Courtyard<br>Preview 15 Run time:1hr 56'<a href=""https://borderlinesfilmfestival.co.uk/film/last-viking""> Book now </a>","Hereford, The Courtyard",52.0610499,-2.7213427
Saturday 21 March,grade,#e66101,,,Tuner,media/images/Tuner.jpg,"7.30pm Saturday 21 March Hereford, The Courtyard<br>Preview 15 Run time:1hr 49'<a href=""https://borderlinesfilmfestival.co.uk/film/tuner""> Book now </a>","Hereford, The Courtyard",52.0610499,-2.7213427
Saturday 21 March,grade,#e66101,,,Rebuilding,media/images/Rebuilding.jpg,"7.30pm Saturday 21 March Malvern Theatres<br>Preview 12A Run time:1hr 36'<a href=""https://borderlinesfilmfestival.co.uk/film/rebuilding""> Book now </a>",Malvern Theatres,52.1104902,-2.3319386
Saturday 21 March,,#e66101,,,The Mastermind (captioned),media/images/MastermindThe.jpg,"7.30pm Saturday 21 March Tarrington, Lady Emily Hall<br> 12A Run time:1hr 50'<a href=""https://borderlinesfilmfestival.co.uk/film/mastermind""> Book now </a>","Tarrington, Lady Emily Hall",52.0624835,-2.5662578